難易度,問題文,正解,偽選択肢1,偽選択肢2,偽選択肢3
1,40＋32＝？,72,62,82,73
1,50＋35＝？,85,75,95,86
1,55-20＝？,35,40,45,36
1,79＋0＝？,79,69,89,80
1,13＋55＝？,68,58,78,69
1,86-50＝？,36,41,46,37
1,14＋24＝？,38,28,48,39
1,34＋55＝？,89,79,99,90
1,24＋73＝？,97,87,107,98
1,55-0＝？,55,54,53,45
1,40＋26＝？,66,56,76,67
1,75＋13＝？,88,78,98,89
1,19-16＝？,3,8,13,4
1,94-44＝？,50,55,60,51
1,31＋26＝？,57,47,67,58
1,28-6＝？,22,21,20,12
1,45-21＝？,24,29,34,25
1,49-32＝？,17,22,27,18
1,98-78＝？,20,25,30,21
1,41＋17＝？,58,48,68,59
1,77-77＝？,0,5,10,1
1,23＋4＝？,27,17,37,28
1,69-46＝？,23,28,33,24
1,79-36＝？,43,48,53,44
1,54-2＝？,52,51,50,42
1,62-0＝？,62,61,60,52
1,23-0＝？,23,22,21,13
1,84-14＝？,70,75,80,71
1,11-11＝？,0,5,10,1
1,26-5＝？,21,20,19,11
1,99-93＝？,6,11,16,7
1,77-56＝？,21,26,31,22
1,75-72＝？,3,8,13,4
1,37＋52＝？,89,79,99,90
1,87-56＝？,31,36,41,32
1,47-22＝？,25,30,35,26
1,63＋5＝？,68,58,78,69
1,13＋65＝？,78,68,88,79
1,37＋2＝？,39,29,49,40
1,72＋25＝？,97,87,107,98
1,52＋10＝？,62,52,72,63
1,62＋11＝？,73,63,83,74
1,39-3＝？,36,35,34,26
1,94-31＝？,63,68,73,64
1,11＋81＝？,92,82,102,93
1,21＋64＝？,85,75,95,86
1,50＋21＝？,71,61,81,72
1,65-52＝？,13,18,23,14
1,99-91＝？,8,13,18,9
1,18-4＝？,14,13,12,15
1,68-15＝？,53,58,63,54
1,65-60＝？,5,10,15,6
1,37＋41＝？,78,68,88,79
1,69-33＝？,36,41,46,37
1,61＋3＝？,64,54,74,65
1,47-11＝？,36,41,46,37
1,21-10＝？,11,16,21,12
1,38-14＝？,24,29,34,25
1,89-83＝？,6,11,16,7
1,83＋14＝？,97,87,107,98
1,23＋35＝？,58,48,68,59
1,15-15＝？,0,5,10,1
1,65＋2＝？,67,57,77,68
1,32＋22＝？,54,44,64,55
1,44＋24＝？,68,58,78,69
1,30＋57＝？,87,77,97,88
1,69-26＝？,43,48,53,44
1,63-33＝？,30,35,40,31
1,31＋37＝？,68,58,78,69
1,10＋37＝？,47,37,57,48
1,87-35＝？,52,57,62,53
1,39＋0＝？,39,29,49,40
1,10＋23＝？,33,23,43,34
1,57＋42＝？,99,89,109,100
1,65＋3＝？,68,58,78,69
1,51＋26＝？,77,67,87,78
1,44-30＝？,14,19,24,15
1,32＋52＝？,84,74,94,85
1,10＋53＝？,63,53,73,64
1,22＋11＝？,33,23,43,34
1,45＋24＝？,69,59,79,70
1,47＋41＝？,88,78,98,89
1,35＋64＝？,99,89,109,100
1,44＋44＝？,88,78,98,89
1,47＋50＝？,97,87,107,98
1,13＋51＝？,64,54,74,65
1,93-91＝？,2,7,12,3
1,42-1＝？,41,40,39,31
1,96-13＝？,83,88,93,84
1,41-11＝？,30,35,40,31
1,87-12＝？,75,80,85,76
1,13＋33＝？,46,36,56,47
1,33-23＝？,10,15,20,11
1,52-30＝？,22,27,32,23
1,11＋8＝？,19,9,29,20
1,30-0＝？,30,29,28,20
1,16＋1＝？,17,7,27,18
1,55-25＝？,30,35,40,31
1,85-44＝？,41,46,51,42
1,56＋15＝？,71,61,81,72
1,60＋20＝？,80,70,90,81
1,72＋27＝？,99,89,109,100
1,13＋76＝？,89,79,99,90
1,87-50＝？,37,42,47,38
1,77-70＝？,7,12,17,8
1,20＋5＝？,25,15,35,26
1,68-48＝？,20,25,30,21
1,73-53＝？,20,25,30,21
1,65-55＝？,10,15,20,11
1,55＋0＝？,55,45,65,56
1,38-8＝？,30,29,28,20
1,53＋31＝？,84,74,94,85
1,48-23＝？,25,30,35,26
1,15＋83＝？,98,88,108,99
1,39＋10＝？,49,39,59,50
1,27-22＝？,5,10,15,6
1,14＋23＝？,37,27,47,38
1,16-1＝？,15,14,13,16
1,66-50＝？,16,21,26,17
1,30-10＝？,20,25,30,21
1,45-4＝？,41,40,39,31
1,76＋13＝？,89,79,99,90
1,99-30＝？,69,74,79,70
1,37-22＝？,15,20,25,16
1,23＋64＝？,87,77,97,88
1,27＋51＝？,78,68,88,79
1,91-90＝？,1,6,11,2
1,96-24＝？,72,77,82,73
1,64-34＝？,30,35,40,31
1,38-21＝？,17,22,27,18
1,87-51＝？,36,41,46,37
1,37-7＝？,30,29,28,20
1,88-82＝？,6,11,16,7
1,65-64＝？,1,6,11,2
1,27-5＝？,22,21,20,12
1,67＋20＝？,87,77,97,88
1,71＋24＝？,95,85,105,96
1,58-37＝？,21,26,31,22
1,95-4＝？,91,90,89,81
1,97-97＝？,0,5,10,1
1,23＋16＝？,39,29,49,40
1,56＋20＝？,76,66,86,77
1,86-43＝？,43,48,53,44
1,97-21＝？,76,81,86,77
1,32＋62＝？,94,84,104,95
1,12＋41＝？,53,43,63,54
1,51＋14＝？,65,55,75,66
1,36＋52＝？,88,78,98,89
1,92＋1＝？,93,83,103,94
1,85-40＝？,45,50,55,46
1,78-13＝？,65,70,75,66
1,77-63＝？,14,19,24,15
1,97-26＝？,71,76,81,72
1,85-5＝？,80,79,78,70
1,92＋0＝？,92,82,102,93
1,44-4＝？,40,39,38,30
1,43＋46＝？,89,79,99,90
1,22＋63＝？,85,75,95,86
1,53＋6＝？,59,49,69,60
1,82-82＝？,0,5,10,1
1,99-67＝？,32,37,42,33
1,59-13＝？,46,51,56,47
1,79-33＝？,46,51,56,47
1,36-16＝？,20,25,30,21
1,88-23＝？,65,70,75,66
1,89-31＝？,58,63,68,59
1,73-11＝？,62,67,72,63
1,63-10＝？,53,58,63,54
1,74＋2＝？,76,66,86,77
1,16＋11＝？,27,17,37,28
1,37-34＝？,3,8,13,4
1,66-16＝？,50,55,60,51
1,59-8＝？,51,50,49,41
1,43＋53＝？,96,86,106,97
1,96-11＝？,85,90,95,86
1,76-42＝？,34,39,44,35
1,58-7＝？,51,50,49,41
1,51＋4＝？,55,45,65,56
1,98-97＝？,1,6,11,2
1,32＋64＝？,96,86,106,97
1,96-36＝？,60,65,70,61
1,74＋14＝？,88,78,98,89
1,62＋23＝？,85,75,95,86
1,56＋16＝？,72,62,82,73
1,20＋36＝？,56,46,66,57
1,47＋32＝？,79,69,89,80
1,84-12＝？,72,77,82,73
1,28-0＝？,28,27,26,18
1,96-92＝？,4,9,14,5
1,64-2＝？,62,61,60,52
1,24＋54＝？,78,68,88,79
1,51＋10＝？,61,51,71,62
1,71-51＝？,20,25,30,21
1,67-47＝？,20,25,30,21
1,39-4＝？,35,34,33,25
1,59-44＝？,15,20,25,16
1,46＋52＝？,98,88,108,99
1,12＋51＝？,63,53,73,64
1,30＋3＝？,33,23,43,34
1,22＋66＝？,88,78,98,89
1,17-0＝？,17,16,15,18
1,75-53＝？,22,27,32,23
1,72-0＝？,72,71,70,62
1,20＋31＝？,51,41,61,52
1,83-50＝？,33,38,43,34
1,82-40＝？,42,47,52,43
1,88-84＝？,4,9,14,5
1,75-74＝？,1,6,11,2
1,31＋48＝？,79,69,89,80
1,78-42＝？,36,41,46,37
1,18＋10＝？,28,18,38,29
1,35-2＝？,33,32,31,23
1,71-31＝？,40,45,50,41
1,87-65＝？,22,27,32,23
1,55-3＝？,52,51,50,42
1,27-3＝？,24,23,22,14
1,34-11＝？,23,28,33,24
1,83-80＝？,3,8,13,4
1,44＋43＝？,87,77,97,88
1,33＋62＝？,95,85,105,96
1,41＋58＝？,99,89,109,100
1,21＋0＝？,21,11,31,22
1,85-65＝？,20,25,30,21
1,92-50＝？,42,47,52,43
1,75-62＝？,13,18,23,14
1,57-32＝？,25,30,35,26
1,18-18＝？,0,5,10,1
1,79-27＝？,52,57,62,53
1,47-21＝？,26,31,36,27
1,62＋4＝？,66,56,76,67
1,98-24＝？,74,79,84,75
1,52＋46＝？,98,88,108,99
1,42＋23＝？,65,55,75,66
1,17-2＝？,15,14,13,16
1,55＋22＝？,77,67,87,78
1,12＋45＝？,57,47,67,58
1,23-21＝？,2,7,12,3
1,62＋20＝？,82,72,92,83
1,62＋27＝？,89,79,99,90
1,64-42＝？,22,27,32,23
1,33＋65＝？,98,88,108,99
1,83＋6＝？,89,79,99,90
1,97-11＝？,86,91,96,87
1,93-13＝？,80,85,90,81
1,33＋66＝？,99,89,109,100
1,43-21＝？,22,27,32,23
1,14＋11＝？,25,15,35,26
1,20＋39＝？,59,49,69,60
1,85-23＝？,62,67,72,63
1,58＋20＝？,78,68,88,79
1,43-41＝？,2,7,12,3
1,48-44＝？,4,9,14,5
1,16＋73＝？,89,79,99,90
1,89-18＝？,71,76,81,72
1,30＋18＝？,48,38,58,49
1,30＋61＝？,91,81,101,92
1,19-12＝？,7,12,17,8
1,48-47＝？,1,6,11,2
1,20＋34＝？,54,44,64,55
1,46-2＝？,44,43,42,34
1,42＋32＝？,74,64,84,75
1,37-32＝？,5,10,15,6
1,36＋60＝？,96,86,106,97
1,73-42＝？,31,36,41,32
1,57-35＝？,22,27,32,23
1,84-20＝？,64,69,74,65
1,68-28＝？,40,45,50,41
1,68-2＝？,66,65,64,56
1,79-6＝？,73,72,71,63
1,96＋2＝？,98,88,108,99
1,36＋61＝？,97,87,107,98
1,64-3＝？,61,60,59,51
1,63-20＝？,43,48,53,44
1,53＋30＝？,83,73,93,84
1,98-52＝？,46,51,56,47
1,63＋12＝？,75,65,85,76
1,32＋36＝？,68,58,78,69
1,28＋30＝？,58,48,68,59
1,51-51＝？,0,5,10,1
1,12＋81＝？,93,83,103,94
1,39＋60＝？,99,89,109,100
1,21＋73＝？,94,84,104,95
1,47＋42＝？,89,79,99,90
1,67＋11＝？,78,68,88,79
1,97-55＝？,42,47,52,43
1,81＋12＝？,93,83,103,94
1,37-3＝？,34,33,32,24
1,80＋5＝？,85,75,95,86
1,79-49＝？,30,35,40,31
1,82＋7＝？,89,79,99,90
1,58-34＝？,24,29,34,25
1,68＋11＝？,79,69,89,80
1,44-1＝？,43,42,41,33
1,33＋26＝？,59,49,69,60
1,67-3＝？,64,63,62,54
1,64-61＝？,3,8,13,4
1,18＋51＝？,69,59,79,70
1,95-40＝？,55,60,65,56
1,67-15＝？,52,57,62,53
1,68-64＝？,4,9,14,5
1,10-0＝？,10,9,8,11
1,51＋43＝？,94,84,104,95
1,23＋41＝？,64,54,74,65
1,49-11＝？,38,43,48,39
1,88-35＝？,53,58,63,54
1,68＋1＝？,69,59,79,70
1,60＋26＝？,86,76,96,87
1,34-24＝？,10,15,20,11
1,87-11＝？,76,81,86,77
1,38-28＝？,10,15,20,11
1,18＋61＝？,79,69,89,80
1,37＋12＝？,49,39,59,50
1,18＋31＝？,49,39,59,50
1,58-56＝？,2,7,12,3
1,89-2＝？,87,86,85,77
1,12＋16＝？,28,18,38,29
1,43-22＝？,21,26,31,22
1,58＋1＝？,59,49,69,60
1,21＋28＝？,49,39,59,50
1,93＋3＝？,96,86,106,97
1,62-2＝？,60,59,58,50
1,72＋13＝？,85,75,95,86
1,19＋20＝？,39,29,49,40
1,38-26＝？,12,17,22,13
1,63＋22＝？,85,75,95,86
1,54＋43＝？,97,87,107,98
1,66-38＝？,28,33,38,29
1,69-44＝？,25,30,35,26
1,97-3＝？,94,93,92,84
1,34＋2＝？,36,26,46,37
1,39-14＝？,25,30,35,26
1,81-21＝？,60,65,70,61
1,25＋14＝？,39,29,49,40
1,26＋53＝？,79,69,89,80
1,96-60＝？,36,41,46,37
1,29＋60＝？,89,79,99,90
1,44＋30＝？,74,64,84,75
1,98-84＝？,14,19,24,15
1,93-81＝？,12,17,22,13
1,77-33＝？,44,49,54,45
1,52-41＝？,11,16,21,12
1,47-41＝？,6,11,16,7
1,88-70＝？,18,23,28,19
1,54＋42＝？,96,86,106,97
1,20＋6＝？,26,16,36,27
1,78-22＝？,56,61,66,57
1,98-43＝？,55,60,65,56
1,64＋24＝？,88,78,98,89
1,89-13＝？,76,81,86,77
1,81＋14＝？,95,85,105,96
1,86-85＝？,1,6,11,2
1,69-68＝？,1,6,11,2
1,43＋30＝？,73,63,83,74
1,77-27＝？,50,55,60,51
1,43-23＝？,20,25,30,21
1,62＋33＝？,95,85,105,96
1,67-56＝？,11,16,21,12
1,21＋55＝？,76,66,86,77
1,22＋0＝？,22,12,32,23
1,48-34＝？,14,19,24,15
1,36-36＝？,0,5,10,1
1,73＋2＝？,75,65,85,76
1,38＋51＝？,89,79,99,90
1,10＋48＝？,58,48,68,59
1,78-27＝？,51,56,61,52
1,33-21＝？,12,17,22,13
1,78-60＝？,18,23,28,19
1,31＋34＝？,65,55,75,66
1,53＋14＝？,67,57,77,68
1,90＋4＝？,94,84,104,95
1,44＋13＝？,57,47,67,58
1,77-44＝？,33,38,43,34
1,16-10＝？,6,11,16,7
1,52＋7＝？,59,49,69,60
1,11＋21＝？,32,22,42,33
1,41＋28＝？,69,59,79,70
1,97-43＝？,54,59,64,55
1,30＋45＝？,75,65,85,76
1,50＋15＝？,65,55,75,66
1,45-23＝？,22,27,32,23
1,65-40＝？,25,30,35,26
1,29-1＝？,28,27,26,18
1,39-26＝？,13,18,23,14
1,46-46＝？,0,5,10,1
1,62-12＝？,50,55,60,51
1,75-35＝？,40,45,50,41
1,38-22＝？,16,21,26,17
1,71＋6＝？,77,67,87,78
1,79-14＝？,65,70,75,66
1,45-43＝？,2,7,12,3
1,79-74＝？,5,10,15,6
1,66-41＝？,25,30,35,26
1,83-1＝？,82,81,80,72
1,94-3＝？,91,90,89,81
1,57-54＝？,3,8,13,4
1,18-6＝？,12,11,10,13
1,46-0＝？,46,45,44,36
1,99-94＝？,5,10,15,6
1,86-11＝？,75,80,85,76
1,68-34＝？,34,39,44,35
1,10＋18＝？,28,18,38,29
1,73＋0＝？,73,63,83,74
1,50＋1＝？,51,41,61,52
1,77-74＝？,3,8,13,4
1,64-62＝？,2,7,12,3
1,30＋2＝？,32,22,42,33
1,83-21＝？,62,67,72,63
1,80＋6＝？,86,76,96,87
1,41＋30＝？,71,61,81,72
1,26＋2＝？,28,18,38,29
1,59-25＝？,34,39,44,35
1,79-0＝？,79,78,77,69
1,63-2＝？,61,60,59,51
1,21＋15＝？,36,26,46,37
1,23＋12＝？,35,25,45,36
1,26＋0＝？,26,16,36,27
1,22＋1＝？,23,13,33,24
1,11＋37＝？,48,38,58,49
1,47＋30＝？,77,67,87,78
1,18-11＝？,7,12,17,8
1,99-18＝？,81,86,91,82
1,66＋11＝？,77,67,87,78
1,98-61＝？,37,42,47,38
1,87-62＝？,25,30,35,26
1,55-35＝？,20,25,30,21
1,98-83＝？,15,20,25,16
1,71＋0＝？,71,61,81,72
1,11＋65＝？,76,66,86,77
1,42＋22＝？,64,54,74,65
1,25-23＝？,2,7,12,3
1,64-32＝？,32,37,42,33
1,42＋1＝？,43,33,53,44
1,85-25＝？,60,65,70,61
1,73-20＝？,53,58,63,54
1,63＋14＝？,77,67,87,78
1,94-72＝？,22,27,32,23
1,42-40＝？,2,7,12,3
1,29-19＝？,10,15,20,11
1,78-48＝？,30,35,40,31
1,31＋65＝？,96,86,106,97
1,91-50＝？,41,46,51,42
1,84-53＝？,31,36,41,32
1,13＋23＝？,36,26,46,37
1,16＋16＝？,32,22,42,33
1,60＋27＝？,87,77,97,88
1,33-3＝？,30,29,28,20
1,39-31＝？,8,13,18,9
1,84-80＝？,4,9,14,5
1,56-14＝？,42,47,52,43
1,31＋45＝？,76,66,86,77
1,75-73＝？,2,7,12,3
1,66-6＝？,60,59,58,50
1,67-65＝？,2,7,12,3
1,77＋2＝？,79,69,89,80
1,47＋31＝？,78,68,88,79
1,10＋89＝？,99,89,109,100
1,37-10＝？,27,32,37,28
1,11＋28＝？,39,29,49,40
1,44-24＝？,20,25,30,21
1,78-36＝？,42,47,52,43
1,44＋1＝？,45,35,55,46
1,35-3＝？,32,31,30,22
1,70＋24＝？,94,84,104,95
1,16＋71＝？,87,77,97,88
1,58-40＝？,18,23,28,19
1,35＋10＝？,45,35,55,46
1,13＋74＝？,87,77,97,88
1,26＋11＝？,37,27,47,38
1,76-63＝？,13,18,23,14
1,13-13＝？,0,5,10,1
1,10＋79＝？,89,79,99,90
1,27-26＝？,1,6,11,2
1,11＋72＝？,83,73,93,84
1,65-5＝？,60,59,58,50
1,20＋78＝？,98,88,108,99
1,88-8＝？,80,79,78,70
1,28-3＝？,25,24,23,15
1,16＋31＝？,47,37,57,48
1,89-0＝？,89,88,87,79
1,53＋15＝？,68,58,78,69
1,31＋64＝？,95,85,105,96
1,42＋43＝？,85,75,95,86
1,55-4＝？,51,50,49,41
1,45-11＝？,34,39,44,35
1,86＋0＝？,86,76,96,87
1,31＋40＝？,71,61,81,72
1,67-33＝？,34,39,44,35
1,36＋31＝？,67,57,77,68
1,49-5＝？,44,43,42,34
1,26＋1＝？,27,17,37,28
1,60＋4＝？,64,54,74,65
1,74-41＝？,33,38,43,34
1,55-45＝？,10,15,20,11
1,31＋11＝？,42,32,52,43
1,94-74＝？,20,25,30,21
1,64-24＝？,40,45,50,41
1,20＋67＝？,87,77,97,88
1,16＋3＝？,19,9,29,20
1,51＋38＝？,89,79,99,90
1,45-1＝？,44,43,42,34
1,94-30＝？,64,69,74,65
1,27＋72＝？,99,89,109,100
1,53-1＝？,52,51,50,42
1,70＋22＝？,92,82,102,93
1,75＋21＝？,96,86,106,97
1,96-4＝？,92,91,90,82
1,74-10＝？,64,69,74,65
1,28-23＝？,5,10,15,6
1,95-5＝？,90,89,88,80
1,75-61＝？,14,19,24,15
1,51-31＝？,20,25,30,21
1,73＋21＝？,94,84,104,95
1,93-50＝？,43,48,53,44
1,88-22＝？,66,71,76,67
1,87-21＝？,66,71,76,67
1,57-31＝？,26,31,36,27
1,15＋13＝？,28,18,38,29
1,41＋36＝？,77,67,87,78
1,30＋8＝？,38,28,48,39
1,88-64＝？,24,29,34,25
1,88-48＝？,40,45,50,41
1,98-42＝？,56,61,66,57
1,72＋12＝？,84,74,94,85
1,21＋36＝？,57,47,67,58
1,45＋1＝？,46,36,56,47
1,13＋26＝？,39,29,49,40
1,24＋44＝？,68,58,78,69
1,19-17＝？,2,7,12,3
1,95＋2＝？,97,87,107,98
1,58-14＝？,44,49,54,45
1,42＋50＝？,92,82,102,93
1,43-20＝？,23,28,33,24
1,55＋43＝？,98,88,108,99
1,54＋20＝？,74,64,84,75
1,86-5＝？,81,80,79,71
1,82＋10＝？,92,82,102,93
1,43＋14＝？,57,47,67,58
1,38-37＝？,1,6,11,2
1,95-84＝？,11,16,21,12
1,20＋66＝？,86,76,96,87
1,79-54＝？,25,30,35,26
1,89-88＝？,1,6,11,2
1,10＋80＝？,90,80,100,91
1,57-45＝？,12,17,22,13
1,69-29＝？,40,45,50,41
1,69-56＝？,13,18,23,14
1,30＋14＝？,44,34,54,45
1,55-55＝？,0,5,10,1
1,51＋47＝？,98,88,108,99
1,18＋60＝？,78,68,88,79
1,73＋15＝？,88,78,98,89
1,68-35＝？,33,38,43,34
1,50＋12＝？,62,52,72,63
1,18＋50＝？,68,58,78,69
1,24-4＝？,20,19,18,10
1,89-61＝？,28,33,38,29
1,61＋0＝？,61,51,71,62
1,68-61＝？,7,12,17,8
1,10＋38＝？,48,38,58,49
1,59-52＝？,7,12,17,8
1,95-72＝？,23,28,33,24
1,12＋24＝？,36,26,46,37
1,32-2＝？,30,29,28,20
1,76＋12＝？,88,78,98,89
1,41＋26＝？,67,57,77,68
1,23＋22＝？,45,35,55,46
1,50＋14＝？,64,54,74,65
1,15-13＝？,2,7,12,3
1,51＋8＝？,59,49,69,60
1,82＋3＝？,85,75,95,86
1,16-13＝？,3,8,13,4
1,20＋26＝？,46,36,56,47
1,63-50＝？,13,18,23,14
1,38-36＝？,2,7,12,3
1,25-1＝？,24,23,22,14
1,27-20＝？,7,12,17,8
1,99-80＝？,19,24,29,20
1,91-0＝？,91,90,89,81
1,46-35＝？,11,16,21,12
1,78-45＝？,33,38,43,34
1,22＋31＝？,53,43,63,54
1,80-0＝？,80,79,78,70
1,57＋21＝？,78,68,88,79
1,67-41＝？,26,31,36,27
1,51＋18＝？,69,59,79,70
1,86＋11＝？,97,87,107,98
1,14＋20＝？,34,24,44,35
1,10＋83＝？,93,83,103,94
1,48＋50＝？,98,88,108,99
1,58-2＝？,56,55,54,46
1,95-52＝？,43,48,53,44
1,29-7＝？,22,21,20,12
1,40＋0＝？,40,30,50,41
1,99-43＝？,56,61,66,57
1,17-12＝？,5,10,15,6
1,45-13＝？,32,37,42,33
1,95-41＝？,54,59,64,55
1,76＋23＝？,99,89,109,100
1,79-32＝？,47,52,57,48
1,38-25＝？,13,18,23,14
1,65-14＝？,51,56,61,52
1,68-18＝？,50,55,60,51
1,59＋0＝？,59,49,69,60
1,47-3＝？,44,43,42,34
1,39-30＝？,9,14,19,10
1,28＋10＝？,38,28,48,39
1,61＋7＝？,68,58,78,69
1,89-36＝？,53,58,63,54
1,49-44＝？,5,10,15,6
1,11＋55＝？,66,56,76,67
1,64＋1＝？,65,55,75,66
1,46＋13＝？,59,49,69,60
1,16＋20＝？,36,26,46,37
1,53-21＝？,32,37,42,33
1,44＋3＝？,47,37,57,48
1,45-34＝？,11,16,21,12
1,66-32＝？,34,39,44,35
1,68-33＝？,35,40,45,36
1,11＋33＝？,44,34,54,45
1,25-20＝？,5,10,15,6
1,63-43＝？,20,25,30,21
1,14＋60＝？,74,64,84,75
1,59-42＝？,17,22,27,18
1,86-54＝？,32,37,42,33
1,12＋47＝？,59,49,69,60
1,22＋21＝？,43,33,53,44
1,10＋82＝？,92,82,102,93
1,97-32＝？,65,70,75,66
1,40＋30＝？,70,60,80,71
1,58＋0＝？,58,48,68,59
1,29-16＝？,13,18,23,14
1,60＋23＝？,83,73,93,84
1,31＋14＝？,45,35,55,46
1,81＋2＝？,83,73,93,84
1,31＋67＝？,98,88,108,99
1,78-51＝？,27,32,37,28
1,36＋21＝？,57,47,67,58
1,97-24＝？,73,78,83,74
1,88-75＝？,13,18,23,14
1,43＋52＝？,95,85,105,96
1,86-25＝？,61,66,71,62
1,90-70＝？,20,25,30,21
1,38＋40＝？,78,68,88,79
1,67-10＝？,57,62,67,58
1,24-2＝？,22,21,20,12
1,53-11＝？,42,47,52,43
1,97-16＝？,81,86,91,82
1,54-41＝？,13,18,23,14
1,76-75＝？,1,6,11,2
1,99-14＝？,85,90,95,86
1,22＋15＝？,37,27,47,38
1,48-4＝？,44,43,42,34
1,89-32＝？,57,62,67,58
1,52＋23＝？,75,65,85,76
1,30＋64＝？,94,84,104,95
1,23＋42＝？,65,55,75,66
1,93-3＝？,90,89,88,80
1,45-3＝？,42,41,40,32
1,28-27＝？,1,6,11,2
1,71＋10＝？,81,71,91,82
1,99-24＝？,75,80,85,76
1,11＋42＝？,53,43,63,54
1,59-3＝？,56,55,54,46
1,24＋43＝？,67,57,77,68
1,65＋13＝？,78,68,88,79
1,48-12＝？,36,41,46,37
1,12＋20＝？,32,22,42,33
1,13＋45＝？,58,48,68,59
1,94-83＝？,11,16,21,12
1,58＋21＝？,79,69,89,80
1,81-41＝？,40,45,50,41
1,91-40＝？,51,56,61,52
1,39-9＝？,30,29,28,20
1,20＋24＝？,44,34,54,45
1,72＋10＝？,82,72,92,83
1,99-63＝？,36,41,46,37
1,49-2＝？,47,46,45,37
1,99-76＝？,23,28,33,24
1,76-13＝？,63,68,73,64
1,20＋10＝？,30,20,40,31
1,45＋23＝？,68,58,78,69
1,85-34＝？,51,56,61,52
1,23＋11＝？,34,24,44,35
1,11＋2＝？,13,3,23,14
1,32-1＝？,31,30,29,21
1,48＋31＝？,79,69,89,80
1,57-3＝？,54,53,52,44
1,43-33＝？,10,15,20,11
1,94-1＝？,93,92,91,83
1,87-32＝？,55,60,65,56
1,76-76＝？,0,5,10,1
1,33＋42＝？,75,65,85,76
1,99-71＝？,28,33,38,29
1,32-0＝？,32,31,30,22
1,65-11＝？,54,59,64,55
1,32-32＝？,0,5,10,1
1,79-25＝？,54,59,64,55
1,67-6＝？,61,60,59,51
1,29-6＝？,23,22,21,13
1,77-57＝？,20,25,30,21
1,66＋15＝？,81,71,91,82
1,75-11＝？,64,69,74,65
1,17-14＝？,3,8,13,4
1,60＋0＝？,60,50,70,61
1,89-77＝？,12,17,22,13
1,11＋50＝？,61,51,71,62
1,36＋30＝？,66,56,76,67
1,83-0＝？,83,82,81,73
1,98＋1＝？,99,89,109,100
1,84-83＝？,1,6,11,2
1,74-33＝？,41,46,51,42
1,48-46＝？,2,7,12,3
1,28＋61＝？,89,79,99,90
1,64＋15＝？,79,69,89,80
1,89-52＝？,37,42,47,38
1,24-24＝？,0,5,10,1
1,81＋15＝？,96,86,106,97
1,21＋4＝？,25,15,35,26
1,21＋65＝？,86,76,96,87
1,73＋5＝？,78,68,88,79
1,15-4＝？,11,10,9,12
1,85-10＝？,75,80,85,76
1,22＋44＝？,66,56,76,67
1,88-2＝？,86,85,84,76
1,69-40＝？,29,34,39,30
1,66-1＝？,65,64,63,55
1,43-31＝？,12,17,22,13
1,25＋42＝？,67,57,77,68
1,21＋40＝？,61,51,71,62
1,81-40＝？,41,46,51,42
1,14＋12＝？,26,16,36,27
1,84-44＝？,40,45,50,41
1,11＋52＝？,63,53,73,64
1,22-0＝？,22,21,20,12
1,43＋40＝？,83,73,93,84
1,58-41＝？,17,22,27,18
1,58-51＝？,7,12,17,8
1,56-20＝？,36,41,46,37
1,52＋24＝？,76,66,86,77
1,33＋21＝？,54,44,64,55
1,18-5＝？,13,12,11,14
1,53＋35＝？,88,78,98,89
1,96-41＝？,55,60,65,56
1,27-25＝？,2,7,12,3
1,27＋32＝？,59,49,69,60
1,69-65＝？,4,9,14,5
1,13＋12＝？,25,15,35,26
1,10＋3＝？,13,3,23,14
1,24＋11＝？,35,25,45,36
1,14＋81＝？,95,85,105,96
1,79-24＝？,55,60,65,56
1,80-20＝？,60,65,70,61
1,42＋30＝？,72,62,82,73
1,16＋41＝？,57,47,67,58
1,76-70＝？,6,11,16,7
1,12＋7＝？,19,9,29,20
1,42＋55＝？,97,87,107,98
1,69-67＝？,2,7,12,3
1,87-76＝？,11,16,21,12
1,24＋20＝？,44,34,54,45
1,88-0＝？,88,87,86,78
1,31-30＝？,1,6,11,2
1,95＋1＝？,96,86,106,97
1,23-22＝？,1,6,11,2
1,65-4＝？,61,60,59,51
1,86-73＝？,13,18,23,14
1,62＋24＝？,86,76,96,87
1,60＋39＝？,99,89,109,100
1,50＋29＝？,79,69,89,80
1,78-16＝？,62,67,72,63
1,33＋36＝？,69,59,79,70
1,62＋31＝？,93,83,103,94
1,29-2＝？,27,26,25,17
1,78-20＝？,58,63,68,59
1,13＋44＝？,57,47,67,58
1,19-1＝？,18,17,16,19
1,98-44＝？,54,59,64,55
1,41＋48＝？,89,79,99,90
1,97-15＝？,82,87,92,83
1,43-10＝？,33,38,43,34
1,13＋61＝？,74,64,84,75
1,96-44＝？,52,57,62,53
1,34-10＝？,24,29,34,25
1,88-30＝？,58,63,68,59
1,70-20＝？,50,55,60,51
1,21＋8＝？,29,19,39,30
1,51＋35＝？,86,76,96,87
1,76-25＝？,51,56,61,52
1,68-30＝？,38,43,48,39
1,58-28＝？,30,35,40,31
1,79-56＝？,23,28,33,24
1,63＋6＝？,69,59,79,70
1,20＋38＝？,58,48,68,59
1,65-33＝？,32,37,42,33
1,57-40＝？,17,22,27,18
1,74-52＝？,22,27,32,23
1,21＋20＝？,41,31,51,42
1,34＋40＝？,74,64,84,75
1,21＋54＝？,75,65,85,76
1,50＋36＝？,86,76,96,87
1,45-14＝？,31,36,41,32
1,11＋44＝？,55,45,65,56
1,56＋21＝？,77,67,87,78
1,53-32＝？,21,26,31,22
1,17＋72＝？,89,79,99,90
1,24＋42＝？,66,56,76,67
1,22＋53＝？,75,65,85,76
1,36-12＝？,24,29,34,25
1,32＋33＝？,65,55,75,66
1,75＋1＝？,76,66,86,77
1,13＋50＝？,63,53,73,64
1,62＋0＝？,62,52,72,63
1,26-12＝？,14,19,24,15
1,59-23＝？,36,41,46,37
1,68-0＝？,68,67,66,58
1,13＋16＝？,29,19,39,30
1,34＋53＝？,87,77,97,88
1,95-15＝？,80,85,90,81
1,16＋70＝？,86,76,96,87
1,97-76＝？,21,26,31,22
1,30＋29＝？,59,49,69,60
1,99-52＝？,47,52,57,48
1,94-4＝？,90,89,88,80
1,12＋66＝？,78,68,88,79
1,87-41＝？,46,51,56,47
1,68-10＝？,58,63,68,59
1,92＋3＝？,95,85,105,96
1,33＋40＝？,73,63,83,74
1,61＋31＝？,92,82,102,93
1,13＋63＝？,76,66,86,77
1,59-35＝？,24,29,34,25
1,15＋22＝？,37,27,47,38
1,89-43＝？,46,51,56,47
1,94-80＝？,14,19,24,15
1,31＋2＝？,33,23,43,34
1,28-25＝？,3,8,13,4
1,92-81＝？,11,16,21,12
1,88-58＝？,30,35,40,31
1,12＋56＝？,68,58,78,69
1,73-2＝？,71,70,69,61
1,89-22＝？,67,72,77,68
1,47-26＝？,21,26,31,22
1,49-1＝？,48,47,46,38
1,71-21＝？,50,55,60,51
1,99-86＝？,13,18,23,14
1,96-15＝？,81,86,91,82
1,78-33＝？,45,50,55,46
1,72＋21＝？,93,83,103,94
1,89-86＝？,3,8,13,4
1,18-13＝？,5,10,15,6
1,65＋23＝？,88,78,98,89
1,37＋11＝？,48,38,58,49
1,73-13＝？,60,65,70,61
1,26-15＝？,11,16,21,12
1,54＋41＝？,95,85,105,96
1,68-63＝？,5,10,15,6
1,57-57＝？,0,5,10,1
1,37＋21＝？,58,48,68,59
1,33＋46＝？,79,69,89,80
1,54＋12＝？,66,56,76,67
1,13＋6＝？,19,9,29,20
1,79-42＝？,37,42,47,38
1,97-86＝？,11,16,21,12
1,38＋60＝？,98,88,108,99
1,54＋0＝？,54,44,64,55
1,74＋25＝？,99,89,109,100
1,36-32＝？,4,9,14,5
1,38＋30＝？,68,58,78,69
1,90＋2＝？,92,82,102,93
1,68-1＝？,67,66,65,57
1,16＋62＝？,78,68,88,79
1,11-10＝？,1,6,11,2
1,69-57＝？,12,17,22,13
1,66-31＝？,35,40,45,36
1,92-2＝？,90,89,88,80
1,72＋22＝？,94,84,104,95
1,98-85＝？,13,18,23,14
1,12＋3＝？,15,5,25,16
1,84＋3＝？,87,77,97,88
1,79-23＝？,56,61,66,57
1,12＋70＝？,82,72,92,83
1,86-0＝？,86,85,84,76
1,56＋11＝？,67,57,77,68
1,11＋5＝？,16,6,26,17
1,13＋75＝？,88,78,98,89
1,45＋31＝？,76,66,86,77
1,13-11＝？,2,7,12,3
1,79-55＝？,24,29,34,25
1,50＋13＝？,63,53,73,64
1,76＋3＝？,79,69,89,80
1,65-0＝？,65,64,63,55
1,84-71＝？,13,18,23,14
1,88-50＝？,38,43,48,39
1,33＋52＝？,85,75,95,86
1,77-11＝？,66,71,76,67
1,77-35＝？,42,47,52,43
1,40＋21＝？,61,51,71,62
1,58-5＝？,53,52,51,43
1,53＋2＝？,55,45,65,56
1,23＋30＝？,53,43,63,54
1,44＋55＝？,99,89,109,100
1,13＋66＝？,79,69,89,80
1,58-58＝？,0,5,10,1
1,61＋20＝？,81,71,91,82
1,35＋20＝？,55,45,65,56
1,62＋37＝？,99,89,109,100
1,63＋30＝？,93,83,103,94
1,96-91＝？,5,10,15,6
1,89-42＝？,47,52,57,48
1,17-7＝？,10,9,8,11
1,75-55＝？,20,25,30,21
1,32-20＝？,12,17,22,13
1,32-10＝？,22,27,32,23
1,64＋30＝？,94,84,104,95
1,13＋86＝？,99,89,109,100
1,19-13＝？,6,11,16,7
1,30＋69＝？,99,89,109,100
1,64-1＝？,63,62,61,53
1,96-73＝？,23,28,33,24
1,83-30＝？,53,58,63,54
1,79-65＝？,14,19,24,15
1,32＋40＝？,72,62,82,73
1,14-13＝？,1,6,11,2
1,30＋40＝？,70,60,80,71
1,17-17＝？,0,5,10,1
1,91-20＝？,71,76,81,72
1,65-31＝？,34,39,44,35
1,86-16＝？,70,75,80,71
1,23＋66＝？,89,79,99,90
1,16＋42＝？,58,48,68,59
1,73-61＝？,12,17,22,13
1,31＋0＝？,31,21,41,32
1,41＋11＝？,52,42,62,53
1,84-70＝？,14,19,24,15
1,95-23＝？,72,77,82,73
1,39＋40＝？,79,69,89,80
1,34-33＝？,1,6,11,2
1,48-17＝？,31,36,41,32
1,32＋2＝？,34,24,44,35
1,42＋11＝？,53,43,63,54
1,52-10＝？,42,47,52,43
1,53-20＝？,33,38,43,34
1,73-1＝？,72,71,70,62
1,80＋1＝？,81,71,91,82
1,66-42＝？,24,29,34,25
1,15＋12＝？,27,17,37,28
1,87-83＝？,4,9,14,5
1,71＋25＝？,96,86,106,97
1,49-43＝？,6,11,16,7
1,99-84＝？,15,20,25,16
1,29-10＝？,19,24,29,20
1,25＋63＝？,88,78,98,89
1,92-71＝？,21,26,31,22
1,78-10＝？,68,73,78,69
1,52＋40＝？,92,82,102,93
1,96-86＝？,10,15,20,11
1,49-24＝？,25,30,35,26
1,50＋44＝？,94,84,104,95
1,57＋2＝？,59,49,69,60
1,62＋6＝？,68,58,78,69
1,74-64＝？,10,15,20,11
1,14-1＝？,13,12,11,14
1,67-42＝？,25,30,35,26
1,96-1＝？,95,94,93,85
1,54-3＝？,51,50,49,41
1,98-2＝？,96,95,94,86
1,31＋57＝？,88,78,98,89
1,20＋33＝？,53,43,63,54
1,30＋1＝？,31,21,41,32
1,64＋25＝？,89,79,99,90
1,12＋75＝？,87,77,97,88
1,39-27＝？,12,17,22,13
1,95-54＝？,41,46,51,42
1,40＋42＝？,82,72,92,83
1,26-4＝？,22,21,20,12
1,43＋0＝？,43,33,53,44
1,20＋79＝？,99,89,109,100
1,61-10＝？,51,56,61,52
1,20＋61＝？,81,71,91,82
1,12＋31＝？,43,33,53,44
1,66-22＝？,44,49,54,45
1,47＋51＝？,98,88,108,99
1,33＋16＝？,49,39,59,50
1,70＋11＝？,81,71,91,82
1,78-46＝？,32,37,42,33
1,70＋25＝？,95,85,105,96
1,61-30＝？,31,36,41,32
1,72-51＝？,21,26,31,22
1,77-40＝？,37,42,47,38
1,89-85＝？,4,9,14,5
1,95-60＝？,35,40,45,36
1,20＋21＝？,41,31,51,42
1,55＋40＝？,95,85,105,96
1,89-17＝？,72,77,82,73
1,12＋52＝？,64,54,74,65
1,28＋41＝？,69,59,79,70
1,45＋33＝？,78,68,88,79
1,49-4＝？,45,44,43,35
1,75-41＝？,34,39,44,35
1,91-10＝？,81,86,91,82
2,11-2＝？,9,8,7,10
2,36＋6＝？,42,32,52,43
2,19＋73＝？,92,82,102,93
2,10-6＝？,4,3,2,5
2,19＋9＝？,28,18,38,29
2,36＋47＝？,83,73,93,84
2,35＋17＝？,52,42,62,53
2,75-36＝？,39,44,49,40
2,75＋8＝？,83,73,93,84
2,16＋28＝？,44,34,54,45
2,42-37＝？,5,10,15,6
2,23＋27＝？,50,40,60,51
2,14＋57＝？,71,61,81,72
2,74-65＝？,9,14,19,10
2,29＋59＝？,88,78,98,89
2,40-30＝？,10,15,20,11
2,75-8＝？,67,66,65,57
2,49＋32＝？,81,71,91,82
2,76＋4＝？,80,70,90,81
2,14＋76＝？,90,80,100,91
2,62-46＝？,16,21,26,17
2,42-8＝？,34,33,32,24
2,18＋3＝？,21,11,31,22
2,52-50＝？,2,7,12,3
2,71-39＝？,32,37,42,33
2,52-16＝？,36,41,46,37
2,14＋16＝？,30,20,40,31
2,60-4＝？,56,55,54,46
2,16＋27＝？,43,33,53,44
2,34＋28＝？,62,52,72,63
2,29＋56＝？,85,75,95,86
2,63-28＝？,35,40,45,36
2,18＋38＝？,56,46,66,57
2,92-64＝？,28,33,38,29
2,60-28＝？,32,37,42,33
2,80-13＝？,67,72,77,68
2,28＋22＝？,50,40,60,51
2,32＋8＝？,40,30,50,41
2,17＋3＝？,20,10,30,21
2,70-28＝？,42,47,52,43
2,41-32＝？,9,14,19,10
2,88-29＝？,59,64,69,60
2,72-38＝？,34,39,44,35
2,58＋4＝？,62,52,72,63
2,56-49＝？,7,12,17,8
2,10-4＝？,6,5,4,7
2,91-55＝？,36,41,46,37
2,55＋38＝？,93,83,103,94
2,49＋18＝？,67,57,77,68
2,52＋9＝？,61,51,71,62
2,95-49＝？,46,51,56,47
2,49＋6＝？,55,45,65,56
2,81-33＝？,48,53,58,49
2,40-13＝？,27,32,37,28
2,71-64＝？,7,12,17,8
2,91-54＝？,37,42,47,38
2,24＋37＝？,61,51,71,62
2,97-18＝？,79,84,89,80
2,39＋6＝？,45,35,55,46
2,16＋55＝？,71,61,81,72
2,68＋19＝？,87,77,97,88
2,74-18＝？,56,61,66,57
2,39＋49＝？,88,78,98,89
2,18＋5＝？,23,13,33,24
2,49＋17＝？,66,56,76,67
2,94-86＝？,8,13,18,9
2,73-69＝？,4,9,14,5
2,25＋58＝？,83,73,93,84
2,90-45＝？,45,50,55,46
2,65-37＝？,28,33,38,29
2,80-32＝？,48,53,58,49
2,80-51＝？,29,34,39,30
2,68-9＝？,59,58,57,49
2,78＋2＝？,80,70,90,81
2,61-16＝？,45,50,55,46
2,91-58＝？,33,38,43,34
2,47＋49＝？,96,86,106,97
2,83-19＝？,64,69,74,65
2,36＋57＝？,93,83,103,94
2,72-67＝？,5,10,15,6
2,23-18＝？,5,10,15,6
2,43-37＝？,6,11,16,7
2,18＋14＝？,32,22,42,33
2,34-28＝？,6,11,16,7
2,49＋41＝？,90,80,100,91
2,72-34＝？,38,43,48,39
2,93-44＝？,49,54,59,50
2,85-37＝？,48,53,58,49
2,24＋8＝？,32,22,42,33
2,73-58＝？,15,20,25,16
2,74-28＝？,46,51,56,47
2,19＋56＝？,75,65,85,76
2,59＋32＝？,91,81,101,92
2,25＋49＝？,74,64,84,75
2,35-8＝？,27,26,25,17
2,39＋55＝？,94,84,104,95
2,94-65＝？,29,34,39,30
2,61＋9＝？,70,60,80,71
2,70-4＝？,66,65,64,56
2,60-57＝？,3,8,13,4
2,80-18＝？,62,67,72,63
2,83-15＝？,68,73,78,69
2,15＋59＝？,74,64,84,75
2,50-35＝？,15,20,25,16
2,88＋7＝？,95,85,105,96
2,58＋22＝？,80,70,90,81
2,77＋15＝？,92,82,102,93
2,89＋8＝？,97,87,107,98
2,91-25＝？,66,71,76,67
2,81-5＝？,76,75,74,66
2,38＋47＝？,85,75,95,86
2,72-27＝？,45,50,55,46
2,95-59＝？,36,41,46,37
2,42＋28＝？,70,60,80,71
2,51-42＝？,9,14,19,10
2,64-56＝？,8,13,18,9
2,39＋5＝？,44,34,54,45
2,19＋6＝？,25,15,35,26
2,63-56＝？,7,12,17,8
2,27＋65＝？,92,82,102,93
2,29＋28＝？,57,47,67,58
2,61-49＝？,12,17,22,13
2,32-9＝？,23,22,21,13
2,91-73＝？,18,23,28,19
2,63-5＝？,58,57,56,48
2,84-35＝？,49,54,59,50
2,23＋39＝？,62,52,72,63
2,42-6＝？,36,35,34,26
2,24＋48＝？,72,62,82,73
2,93-29＝？,64,69,74,65
2,18＋65＝？,83,73,93,84
2,31-6＝？,25,24,23,15
2,23＋29＝？,52,42,62,53
2,36＋9＝？,45,35,55,46
2,58＋36＝？,94,84,104,95
2,85-7＝？,78,77,76,68
2,31-27＝？,4,9,14,5
2,18＋57＝？,75,65,85,76
2,96-19＝？,77,82,87,78
2,41-37＝？,4,9,14,5
2,80-59＝？,21,26,31,22
2,45-6＝？,39,38,37,29
2,62-3＝？,59,58,57,49
2,91-43＝？,48,53,58,49
2,88-59＝？,29,34,39,30
2,33-5＝？,28,27,26,18
2,17-8＝？,9,8,7,10
2,42＋38＝？,80,70,90,81
2,94-9＝？,85,84,83,75
2,78＋3＝？,81,71,91,82
2,26＋35＝？,61,51,71,62
2,86-77＝？,9,14,19,10
2,46-28＝？,18,23,28,19
2,92-58＝？,34,39,44,35
2,65-57＝？,8,13,18,9
2,63-34＝？,29,34,39,30
2,55-37＝？,18,23,28,19
2,71-66＝？,5,10,15,6
2,41-5＝？,36,35,34,26
2,35＋46＝？,81,71,91,82
2,59＋31＝？,90,80,100,91
2,64-19＝？,45,50,55,46
2,19＋49＝？,68,58,78,69
2,40-4＝？,36,35,34,26
2,80-28＝？,52,57,62,53
2,22＋59＝？,81,71,91,82
2,30-6＝？,24,23,22,14
2,28＋44＝？,72,62,82,73
2,17＋15＝？,32,22,42,33
2,39＋41＝？,80,70,90,81
2,19＋62＝？,81,71,91,82
2,89＋3＝？,92,82,102,93
2,41-33＝？,8,13,18,9
2,87-38＝？,49,54,59,50
2,33＋59＝？,92,82,102,93
2,83-45＝？,38,43,48,39
2,36＋28＝？,64,54,74,65
2,45＋46＝？,91,81,101,92
2,60-56＝？,4,9,14,5
2,40-22＝？,18,23,28,19
2,83-56＝？,27,32,37,28
2,25-6＝？,19,18,17,9
2,46＋44＝？,90,80,100,91
2,49＋21＝？,70,60,80,71
2,27＋28＝？,55,45,65,56
2,24-8＝？,16,15,14,6
2,92-79＝？,13,18,23,14
2,56＋35＝？,91,81,101,92
2,45＋8＝？,53,43,63,54
2,91-32＝？,59,64,69,60
2,28＋54＝？,82,72,92,83
2,96-57＝？,39,44,49,40
2,70-24＝？,46,51,56,47
2,81-22＝？,59,64,69,60
2,72-17＝？,55,60,65,56
2,69＋7＝？,76,66,86,77
2,49＋34＝？,83,73,93,84
2,58＋14＝？,72,62,82,73
2,94-15＝？,79,84,89,80
2,60-8＝？,52,51,50,42
2,26＋44＝？,70,60,80,71
2,93-45＝？,48,53,58,49
2,67＋6＝？,73,63,83,74
2,90-73＝？,17,22,27,18
2,91-47＝？,44,49,54,45
2,96-78＝？,18,23,28,19
2,94-58＝？,36,41,46,37
2,81-48＝？,33,38,43,34
2,46＋38＝？,84,74,94,85
2,16＋64＝？,80,70,90,81
2,38＋46＝？,84,74,94,85
2,76-47＝？,29,34,39,30
2,50-29＝？,21,26,31,22
2,29＋43＝？,72,62,82,73
2,27＋3＝？,30,20,40,31
2,79＋15＝？,94,84,104,95
2,25＋25＝？,50,40,60,51
2,29＋54＝？,83,73,93,84
2,85-66＝？,19,24,29,20
2,59＋23＝？,82,72,92,83
2,75＋7＝？,82,72,92,83
2,71-4＝？,67,66,65,57
2,95-58＝？,37,42,47,38
2,60-31＝？,29,34,39,30
2,43＋29＝？,72,62,82,73
2,16＋66＝？,82,72,92,83
2,77-9＝？,68,67,66,58
2,24＋46＝？,70,60,80,71
2,81-62＝？,19,24,29,20
2,15＋78＝？,93,83,103,94
2,34-9＝？,25,24,23,15
2,16＋67＝？,83,73,93,84
2,23＋28＝？,51,41,61,52
2,83-68＝？,15,20,25,16
2,28＋35＝？,63,53,73,64
2,47＋33＝？,80,70,90,81
2,21-14＝？,7,12,17,8
2,19＋4＝？,23,13,33,24
2,24＋7＝？,31,21,41,32
2,12-3＝？,9,8,7,10
2,83-35＝？,48,53,58,49
2,33＋38＝？,71,61,81,72
2,45＋36＝？,81,71,91,82
2,92-35＝？,57,62,67,58
2,57-8＝？,49,48,47,39
2,64＋7＝？,71,61,81,72
2,80-49＝？,31,36,41,32
2,44-9＝？,35,34,33,25
2,48＋3＝？,51,41,61,52
2,74-48＝？,26,31,36,27
2,63-47＝？,16,21,26,17
2,90-85＝？,5,10,15,6
2,77-69＝？,8,13,18,9
2,18＋56＝？,74,64,84,75
2,82-68＝？,14,19,24,15
2,43-19＝？,24,29,34,25
2,21-7＝？,14,13,12,4
2,37＋54＝？,91,81,101,92
2,61-46＝？,15,20,25,16
2,89＋1＝？,90,80,100,91
2,56-48＝？,8,13,18,9
2,18＋49＝？,67,57,77,68
2,39＋31＝？,70,60,80,71
2,15＋68＝？,83,73,93,84
2,67＋9＝？,76,66,86,77
2,61-43＝？,18,23,28,19
2,92-34＝？,58,63,68,59
2,83-69＝？,14,19,24,15
2,69＋17＝？,86,76,96,87
2,80-42＝？,38,43,48,39
2,33-16＝？,17,22,27,18
2,60-5＝？,55,54,53,45
2,62-18＝？,44,49,54,45
2,85-58＝？,27,32,37,28
2,94-68＝？,26,31,36,27
2,52-46＝？,6,11,16,7
2,19＋31＝？,50,40,60,51
2,55＋26＝？,81,71,91,82
2,62-59＝？,3,8,13,4
2,68＋28＝？,96,86,106,97
2,85-26＝？,59,64,69,60
2,96-58＝？,38,43,48,39
2,41-29＝？,12,17,22,13
2,14＋79＝？,93,83,103,94
2,67＋27＝？,94,84,104,95
2,17＋33＝？,50,40,60,51
2,52-48＝？,4,9,14,5
2,53-5＝？,48,47,46,38
2,11＋19＝？,30,20,40,31
2,53-25＝？,28,33,38,29
2,62-4＝？,58,57,56,48
2,66＋26＝？,92,82,102,93
2,60-39＝？,21,26,31,22
2,74-57＝？,17,22,27,18
2,34＋6＝？,40,30,50,41
2,15＋47＝？,62,52,72,63
2,12＋48＝？,60,50,70,61
2,81-37＝？,44,49,54,45
2,17＋13＝？,30,20,40,31
2,29＋15＝？,44,34,54,45
2,43-36＝？,7,12,17,8
2,17＋4＝？,21,11,31,22
2,68＋9＝？,77,67,87,78
2,33-28＝？,5,10,15,6
2,87-58＝？,29,34,39,30
2,62-60＝？,2,7,12,3
2,14＋38＝？,52,42,62,53
2,61-38＝？,23,28,33,24
2,14＋46＝？,60,50,70,61
2,39＋57＝？,96,86,106,97
2,45-36＝？,9,14,19,10
2,80-67＝？,13,18,23,14
2,39＋19＝？,58,48,68,59
2,73-15＝？,58,63,68,59
2,61-24＝？,37,42,47,38
2,73-6＝？,67,66,65,57
2,46-38＝？,8,13,18,9
2,49＋47＝？,96,86,106,97
2,37＋29＝？,66,56,76,67
2,29＋2＝？,31,21,41,32
2,72-23＝？,49,54,59,50
2,81-64＝？,17,22,27,18
2,45＋5＝？,50,40,60,51
2,70-53＝？,17,22,27,18
2,77＋17＝？,94,84,104,95
2,44-36＝？,8,13,18,9
2,79＋11＝？,90,80,100,91
2,17＋38＝？,55,45,65,56
2,22＋38＝？,60,50,70,61
2,84-6＝？,78,77,76,68
2,68＋2＝？,70,60,80,71
2,45-18＝？,27,32,37,28
2,41-7＝？,34,33,32,24
2,39＋12＝？,51,41,61,52
2,92-53＝？,39,44,49,40
2,66-19＝？,47,52,57,48
2,38＋56＝？,94,84,104,95
2,90-6＝？,84,83,82,74
2,19＋52＝？,71,61,81,72
2,62-23＝？,39,44,49,40
2,24＋56＝？,80,70,90,81
2,19＋18＝？,37,27,47,38
2,68＋8＝？,76,66,86,77
2,45＋9＝？,54,44,64,55
2,48＋34＝？,82,72,92,83
2,39＋58＝？,97,87,107,98
2,74-49＝？,25,30,35,26
2,54-16＝？,38,43,48,39
2,70-23＝？,47,52,57,48
2,84-7＝？,77,76,75,67
2,17＋78＝？,95,85,105,96
2,66＋27＝？,93,83,103,94
2,29＋23＝？,52,42,62,53
2,50-42＝？,8,13,18,9
2,97-88＝？,9,14,19,10
2,82-43＝？,39,44,49,40
2,74-67＝？,7,12,17,8
2,35＋39＝？,74,64,84,75
2,15＋15＝？,30,20,40,31
2,18＋36＝？,54,44,64,55
2,63-58＝？,5,10,15,6
2,92-39＝？,53,58,63,54
2,93-8＝？,85,84,83,75
2,13＋67＝？,80,70,90,81
2,37＋34＝？,71,61,81,72
2,67-9＝？,58,57,56,48
2,73-49＝？,24,29,34,25
2,34-15＝？,19,24,29,20
2,22＋28＝？,50,40,60,51
2,58-39＝？,19,24,29,20
2,80-7＝？,73,72,71,63
2,46＋25＝？,71,61,81,72
2,71-49＝？,22,27,32,23
2,94-55＝？,39,44,49,40
2,68＋16＝？,84,74,94,85
2,91-81＝？,10,15,20,11
2,37-29＝？,8,13,18,9
2,25＋17＝？,42,32,52,43
2,19＋47＝？,66,56,76,67
2,41-3＝？,38,37,36,28
2,47＋19＝？,66,56,76,67
2,53-28＝？,25,30,35,26
2,35＋9＝？,44,34,54,45
2,47＋27＝？,74,64,84,75
2,91-34＝？,57,62,67,58
2,18＋58＝？,76,66,86,77
2,29＋29＝？,58,48,68,59
2,83-54＝？,29,34,39,30
2,28＋53＝？,81,71,91,82
2,62-5＝？,57,56,55,47
2,50-7＝？,43,42,41,33
2,18＋72＝？,90,80,100,91
2,38＋19＝？,57,47,67,58
2,72-35＝？,37,42,47,38
2,19＋65＝？,84,74,94,85
2,59＋24＝？,83,73,93,84
2,56＋4＝？,60,50,70,61
2,27＋23＝？,50,40,60,51
2,94-25＝？,69,74,79,70
2,72-16＝？,56,61,66,57
2,46＋6＝？,52,42,62,53
2,25＋47＝？,72,62,82,73
2,47-18＝？,29,34,39,30
2,28＋38＝？,66,56,76,67
2,32-14＝？,18,23,28,19
2,58＋27＝？,85,75,95,86
2,83-6＝？,77,76,75,67
2,86-79＝？,7,12,17,8
2,37＋48＝？,85,75,95,86
2,50-47＝？,3,8,13,4
2,84-78＝？,6,11,16,7
2,84-5＝？,79,78,77,69
2,95-29＝？,66,71,76,67
2,85＋5＝？,90,80,100,91
2,61-12＝？,49,54,59,50
2,90-77＝？,13,18,23,14
2,27＋7＝？,34,24,44,35
2,15＋49＝？,64,54,74,65
2,84-48＝？,36,41,46,37
2,38-19＝？,19,24,29,20
2,90-65＝？,25,30,35,26
2,34-18＝？,16,21,26,17
2,45＋25＝？,70,60,80,71
2,50-34＝？,16,21,26,17
2,62-25＝？,37,42,47,38
2,53＋27＝？,80,70,90,81
2,82-16＝？,66,71,76,67
2,94-79＝？,15,20,25,16
2,90-29＝？,61,66,71,62
2,34＋27＝？,61,51,71,62
2,72-13＝？,59,64,69,60
2,19＋66＝？,85,75,95,86
2,82-58＝？,24,29,34,25
2,66-18＝？,48,53,58,49
2,74-26＝？,48,53,58,49
2,44-5＝？,39,38,37,29
2,61-23＝？,38,43,48,39
2,30-13＝？,17,22,27,18
2,82-13＝？,69,74,79,70
2,28＋32＝？,60,50,70,61
2,25＋37＝？,62,52,72,63
2,81-17＝？,64,69,74,65
2,67-19＝？,48,53,58,49
2,64＋8＝？,72,62,82,73
2,71-32＝？,39,44,49,40
2,57＋27＝？,84,74,94,85
2,85-6＝？,79,78,77,69
2,86-68＝？,18,23,28,19
2,17＋53＝？,70,60,80,71
2,47＋48＝？,95,85,105,96
2,19＋64＝？,83,73,93,84
2,63-36＝？,27,32,37,28
2,52-9＝？,43,42,41,33
2,71-27＝？,44,49,54,45
2,89＋6＝？,95,85,105,96
2,53-16＝？,37,42,47,38
2,74-6＝？,68,67,66,58
2,35＋56＝？,91,81,101,92
2,67-29＝？,38,43,48,39
2,85-77＝？,8,13,18,9
2,81-25＝？,56,61,66,57
2,38＋14＝？,52,42,62,53
2,42-18＝？,24,29,34,25
2,56-17＝？,39,44,49,40
2,85-39＝？,46,51,56,47
2,41＋29＝？,70,60,80,71
2,73-26＝？,47,52,57,48
2,38＋12＝？,50,40,60,51
2,44＋26＝？,70,60,80,71
2,39＋3＝？,42,32,52,43
2,33＋8＝？,41,31,51,42
2,70-8＝？,62,61,60,52
2,28＋57＝？,85,75,95,86
2,40-5＝？,35,34,33,25
2,17＋73＝？,90,80,100,91
2,15＋45＝？,60,50,70,61
2,80-58＝？,22,27,32,23
2,31＋39＝？,70,60,80,71
2,51-19＝？,32,37,42,33
2,80-78＝？,2,7,12,3
2,24-15＝？,9,14,19,10
2,50-45＝？,5,10,15,6
2,32-25＝？,7,12,17,8
2,65-36＝？,29,34,39,30
2,22-13＝？,9,14,19,10
2,64-26＝？,38,43,48,39
2,82-36＝？,46,51,56,47
2,38＋42＝？,80,70,90,81
2,92-49＝？,43,48,53,44
2,90-71＝？,19,24,29,20
2,15＋79＝？,94,84,104,95
2,91-82＝？,9,14,19,10
2,45＋29＝？,74,64,84,75
2,65＋18＝？,83,73,93,84
2,81-9＝？,72,71,70,62
2,91-84＝？,7,12,17,8
2,94-48＝？,46,51,56,47
2,80-23＝？,57,62,67,58
2,27＋19＝？,46,36,56,47
2,69＋22＝？,91,81,101,92
2,21-4＝？,17,16,15,7
2,47＋13＝？,60,50,70,61
2,74-68＝？,6,11,16,7
2,90-44＝？,46,51,56,47
2,84-25＝？,59,64,69,60
2,55＋27＝？,82,72,92,83
2,55-16＝？,39,44,49,40
2,72-54＝？,18,23,28,19
2,70-61＝？,9,14,19,10
2,77-49＝？,28,33,38,29
2,64-36＝？,28,33,38,29
2,82-23＝？,59,64,69,60
2,31-8＝？,23,22,21,13
2,52-49＝？,3,8,13,4
2,42-19＝？,23,28,33,24
2,52-29＝？,23,28,33,24
2,41-6＝？,35,34,33,25
2,28＋3＝？,31,21,41,32
2,52-3＝？,49,48,47,39
2,38＋38＝？,76,66,86,77
2,80-15＝？,65,70,75,66
2,98-19＝？,79,84,89,80
2,47＋39＝？,86,76,96,87
2,24-16＝？,8,13,18,9
2,35＋15＝？,50,40,60,51
2,36＋59＝？,95,85,105,96
2,71-34＝？,37,42,47,38
2,22-6＝？,16,15,14,6
2,13＋17＝？,30,20,40,31
2,85-28＝？,57,62,67,58
2,42-17＝？,25,30,35,26
2,21-3＝？,18,17,16,8
2,42-25＝？,17,22,27,18
2,18＋22＝？,40,30,50,41
2,79＋14＝？,93,83,103,94
2,18＋55＝？,73,63,83,74
2,50-17＝？,33,38,43,34
2,18＋12＝？,30,20,40,31
2,13-5＝？,8,7,6,9
2,87＋9＝？,96,86,106,97
2,95-67＝？,28,33,38,29
2,53＋9＝？,62,52,72,63
2,34＋19＝？,53,43,63,54
2,64-28＝？,36,41,46,37
2,14＋49＝？,63,53,73,64
2,80-6＝？,74,73,72,64
2,93-84＝？,9,14,19,10
2,43＋47＝？,90,80,100,91
2,87-78＝？,9,14,19,10
2,28＋29＝？,57,47,67,58
2,62-49＝？,13,18,23,14
2,13＋77＝？,90,80,100,91
2,62-36＝？,26,31,36,27
2,18＋8＝？,26,16,36,27
2,60-48＝？,12,17,22,13
2,52-34＝？,18,23,28,19
2,60-32＝？,28,33,38,29
2,63-44＝？,19,24,29,20
2,61-57＝？,4,9,14,5
2,80-66＝？,14,19,24,15
2,32＋48＝？,80,70,90,81
2,26＋56＝？,82,72,92,83
2,47-38＝？,9,14,19,10
2,25＋36＝？,61,51,71,62
2,18＋17＝？,35,25,45,36
2,73-35＝？,38,43,48,39
2,27＋48＝？,75,65,85,76
2,14＋17＝？,31,21,41,32
2,57＋24＝？,81,71,91,82
2,50-26＝？,24,29,34,25
2,38＋5＝？,43,33,53,44
2,79＋5＝？,84,74,94,85
2,60-30＝？,30,35,40,31
2,90-74＝？,16,21,26,17
2,97-78＝？,19,24,29,20
2,14＋59＝？,73,63,83,74
2,27＋25＝？,52,42,62,53
2,36-27＝？,9,14,19,10
2,39＋51＝？,90,80,100,91
2,23＋49＝？,72,62,82,73
2,32＋28＝？,60,50,70,61
2,83-39＝？,44,49,54,45
2,45-8＝？,37,36,35,27
2,73-8＝？,65,64,63,55
2,60-59＝？,1,6,11,2
2,23-7＝？,16,15,14,6
2,30-18＝？,12,17,22,13
2,71-59＝？,12,17,22,13
2,49＋14＝？,63,53,73,64
2,59＋34＝？,93,83,103,94
2,85-78＝？,7,12,17,8
2,51-33＝？,18,23,28,19
2,82-77＝？,5,10,15,6
2,15-7＝？,8,7,6,9
2,84-28＝？,56,61,66,57
2,27＋49＝？,76,66,86,77
2,46＋24＝？,70,60,80,71
2,42-24＝？,18,23,28,19
2,61-54＝？,7,12,17,8
2,42-23＝？,19,24,29,20
2,72-6＝？,66,65,64,56
2,33-6＝？,27,26,25,17
2,19＋41＝？,60,50,70,61
2,15＋35＝？,50,40,60,51
2,74-7＝？,67,66,65,57
2,81-44＝？,37,42,47,38
2,50-6＝？,44,43,42,34
2,16＋26＝？,42,32,52,43
2,10-2＝？,8,7,6,9
2,46＋9＝？,55,45,65,56
2,57＋4＝？,61,51,71,62
2,95-7＝？,88,87,86,78
2,14＋69＝？,83,73,93,84
2,65-47＝？,18,23,28,19
2,31＋29＝？,60,50,70,61
2,26＋48＝？,74,64,84,75
2,67-58＝？,9,14,19,10
2,18＋42＝？,60,50,70,61
2,57＋25＝？,82,72,92,83
2,28＋14＝？,42,32,52,43
2,41-18＝？,23,28,33,24
2,50-44＝？,6,11,16,7
2,72-53＝？,19,24,29,20
2,28＋25＝？,53,43,63,54
2,67＋25＝？,92,82,102,93
2,45-9＝？,36,35,34,26
2,28＋37＝？,65,55,75,66
2,83-49＝？,34,39,44,35
2,35＋28＝？,63,53,73,64
2,41-13＝？,28,33,38,29
2,58＋5＝？,63,53,73,64
2,70-64＝？,6,11,16,7
2,94-87＝？,7,12,17,8
2,43-15＝？,28,33,38,29
2,28＋43＝？,71,61,81,72
2,90-81＝？,9,14,19,10
2,49＋43＝？,92,82,102,93
2,47＋43＝？,90,80,100,91
2,28＋49＝？,77,67,87,78
2,29＋55＝？,84,74,94,85
2,27＋37＝？,64,54,74,65
2,27＋27＝？,54,44,64,55
2,61-55＝？,6,11,16,7
2,37-19＝？,18,23,28,19
2,34＋16＝？,50,40,60,51
2,84-39＝？,45,50,55,46
2,32＋38＝？,70,60,80,71
2,75-6＝？,69,68,67,59
2,49＋16＝？,65,55,75,66
2,29＋3＝？,32,22,42,33
2,60-35＝？,25,30,35,26
2,40-36＝？,4,9,14,5
2,28＋42＝？,70,60,80,71
2,69＋13＝？,82,72,92,83
2,65-16＝？,49,54,59,50
2,93-78＝？,15,20,25,16
2,33＋47＝？,80,70,90,81
2,94-7＝？,87,86,85,77
2,69＋28＝？,97,87,107,98
2,96-79＝？,17,22,27,18
2,12＋69＝？,81,71,91,82
2,72-3＝？,69,68,67,59
2,73-28＝？,45,50,55,46
2,36＋5＝？,41,31,51,42
2,72-4＝？,68,67,66,58
2,11-4＝？,7,6,5,8
2,72-47＝？,25,30,35,26
2,50-9＝？,41,40,39,31
2,28＋23＝？,51,41,61,52
2,16＋57＝？,73,63,83,74
2,93-6＝？,87,86,85,77
2,13＋59＝？,72,62,82,73
2,31-3＝？,28,27,26,18
2,75-68＝？,7,12,17,8
2,58-19＝？,39,44,49,40
2,75＋17＝？,92,82,102,93
2,55-7＝？,48,47,46,38
2,65-28＝？,37,42,47,38
2,56＋39＝？,95,85,105,96
2,52＋29＝？,81,71,91,82
2,64-59＝？,5,10,15,6
2,65＋6＝？,71,61,81,72
2,40-9＝？,31,30,29,21
2,28＋46＝？,74,64,84,75
2,26＋27＝？,53,43,63,54
2,62-43＝？,19,24,29,20
2,76＋7＝？,83,73,93,84
2,17＋17＝？,34,24,44,35
2,76-9＝？,67,66,65,57
2,93-56＝？,37,42,47,38
2,38＋29＝？,67,57,77,68
2,21-19＝？,2,7,12,3
2,51＋29＝？,80,70,90,81
2,30-22＝？,8,13,18,9
2,34-17＝？,17,22,27,18
2,76-68＝？,8,13,18,9
2,40-2＝？,38,37,36,28
2,68＋17＝？,85,75,95,86
2,91-65＝？,26,31,36,27
2,52-27＝？,25,30,35,26
2,27＋14＝？,41,31,51,42
2,28＋15＝？,43,33,53,44
2,55＋6＝？,61,51,71,62
2,90-61＝？,29,34,39,30
2,38＋37＝？,75,65,85,76
2,93-18＝？,75,80,85,76
2,22＋18＝？,40,30,50,41
2,23-5＝？,18,17,16,8
2,81-54＝？,27,32,37,28
2,17＋54＝？,71,61,81,72
2,37＋8＝？,45,35,55,46
2,79＋13＝？,92,82,102,93
2,91-64＝？,27,32,37,28
2,23＋47＝？,70,60,80,71
2,54＋38＝？,92,82,102,93
2,92-86＝？,6,11,16,7
2,83＋9＝？,92,82,102,93
2,66-29＝？,37,42,47,38
2,87-19＝？,68,73,78,69
2,76-48＝？,28,33,38,29
2,65-27＝？,38,43,48,39
2,41-24＝？,17,22,27,18
2,64＋16＝？,80,70,90,81
2,57-48＝？,9,14,19,10
2,75-27＝？,48,53,58,49
2,64＋18＝？,82,72,92,83
2,86＋9＝？,95,85,105,96
2,19＋38＝？,57,47,67,58
2,66＋8＝？,74,64,84,75
2,29＋4＝？,33,23,43,34
2,87-28＝？,59,64,69,60
2,39＋56＝？,95,85,105,96
2,82-49＝？,33,38,43,34
2,77＋13＝？,90,80,100,91
2,73-67＝？,6,11,16,7
2,31-18＝？,13,18,23,14
2,64＋9＝？,73,63,83,74
2,36＋56＝？,92,82,102,93
2,85-59＝？,26,31,36,27
2,42＋8＝？,50,40,60,51
2,91-56＝？,35,40,45,36
2,68＋22＝？,90,80,100,91
2,70-45＝？,25,30,35,26
2,74-39＝？,35,40,45,36
2,12＋8＝？,20,10,30,21
2,82-75＝？,7,12,17,8
2,66-27＝？,39,44,49,40
2,84＋9＝？,93,83,103,94
2,85＋8＝？,93,83,103,94
2,39＋23＝？,62,52,72,63
2,82-48＝？,34,39,44,35
2,72-46＝？,26,31,36,27
2,44＋46＝？,90,80,100,91
2,24＋68＝？,92,82,102,93
2,26-17＝？,9,14,19,10
2,25＋18＝？,43,33,53,44
2,81-75＝？,6,11,16,7
2,36-8＝？,28,27,26,18
2,38＋18＝？,56,46,66,57
2,45＋19＝？,64,54,74,65
2,34-29＝？,5,10,15,6
2,47＋38＝？,85,75,95,86
2,44＋19＝？,63,53,73,64
2,48＋26＝？,74,64,84,75
2,14-7＝？,7,6,5,8
2,71-8＝？,63,62,61,53
2,39＋4＝？,43,33,53,44
2,72-26＝？,46,51,56,47
2,41＋39＝？,80,70,90,81
2,83-38＝？,45,50,55,46
2,46-27＝？,19,24,29,20
2,52-47＝？,5,10,15,6
2,41-4＝？,37,36,35,27
2,17＋26＝？,43,33,53,44
2,56＋9＝？,65,55,75,66
2,36＋38＝？,74,64,84,75
2,34-25＝？,9,14,19,10
2,90-87＝？,3,8,13,4
2,57-9＝？,48,47,46,38
2,43-17＝？,26,31,36,27
2,89＋7＝？,96,86,106,97
2,81-46＝？,35,40,45,36
2,81-49＝？,32,37,42,33
2,69＋27＝？,96,86,106,97
2,43＋28＝？,71,61,81,72
2,60-53＝？,7,12,17,8
2,19＋68＝？,87,77,97,88
2,65-19＝？,46,51,56,47
2,96-47＝？,49,54,59,50
2,70-38＝？,32,37,42,33
2,25＋35＝？,60,50,70,61
2,60-38＝？,22,27,32,23
2,22＋58＝？,80,70,90,81
2,87-29＝？,58,63,68,59
2,55-48＝？,7,12,17,8
2,91-44＝？,47,52,57,48
2,32-19＝？,13,18,23,14
2,41-8＝？,33,32,31,23
2,38＋23＝？,61,51,71,62
2,72-64＝？,8,13,18,9
2,61-6＝？,55,54,53,45
2,74-56＝？,18,23,28,19
2,19＋36＝？,55,45,65,56
2,41-38＝？,3,8,13,4
2,67＋4＝？,71,61,81,72
2,22＋39＝？,61,51,71,62
2,34＋46＝？,80,70,90,81
2,29＋17＝？,46,36,56,47
2,73-65＝？,8,13,18,9
2,39＋17＝？,56,46,66,57
2,60-27＝？,33,38,43,34
2,50-33＝？,17,22,27,18
2,81-13＝？,68,73,78,69
2,68-39＝？,29,34,39,30
2,50-38＝？,12,17,22,13
2,19＋11＝？,30,20,40,31
2,64-39＝？,25,30,35,26
2,16＋9＝？,25,15,35,26
2,93-48＝？,45,50,55,46
2,28＋2＝？,30,20,40,31
2,46＋35＝？,81,71,91,82
2,93-54＝？,39,44,49,40
2,69＋2＝？,71,61,81,72
2,92-7＝？,85,84,83,75
2,72-7＝？,65,64,63,55
2,23-13＝？,10,15,20,11
2,85-38＝？,47,52,57,48
2,42-28＝？,14,19,24,15
2,24-5＝？,19,18,17,9
2,65＋28＝？,93,83,103,94
2,96-8＝？,88,87,86,78
2,93-58＝？,35,40,45,36
2,93-89＝？,4,9,14,5
2,14＋47＝？,61,51,71,62
2,54＋16＝？,70,60,80,71
2,62-47＝？,15,20,25,16
2,60-34＝？,26,31,36,27
2,28＋39＝？,67,57,77,68
2,91-5＝？,86,85,84,76
2,90-11＝？,79,84,89,80
2,71-42＝？,29,34,39,30
2,54-39＝？,15,20,25,16
2,67-59＝？,8,13,18,9
2,46＋39＝？,85,75,95,86
2,24-18＝？,6,11,16,7
2,21-17＝？,4,9,14,5
2,29＋53＝？,82,72,92,83
2,43-8＝？,35,34,33,25
2,91-76＝？,15,20,25,16
2,57＋35＝？,92,82,102,93
2,81-56＝？,25,30,35,26
2,91-52＝？,39,44,49,40
2,19＋3＝？,22,12,32,23
2,19＋15＝？,34,24,44,35
2,33-4＝？,29,28,27,19
2,85-16＝？,69,74,79,70
2,84-18＝？,66,71,76,67
2,35-9＝？,26,25,24,16
2,21-5＝？,16,15,14,6
2,61-14＝？,47,52,57,48
2,62-45＝？,17,22,27,18
2,94-49＝？,45,50,55,46
2,71-46＝？,25,30,35,26
2,40-35＝？,5,10,15,6
2,35-6＝？,29,28,27,19
2,96-29＝？,67,72,77,68
2,92-74＝？,18,23,28,19
2,54-49＝？,5,10,15,6
2,95-18＝？,77,82,87,78
2,37＋23＝？,60,50,70,61
2,80-54＝？,26,31,36,27
2,96-18＝？,78,83,88,79
2,73-54＝？,19,24,29,20
2,17＋63＝？,80,70,90,81
2,69＋23＝？,92,82,102,93
2,66-59＝？,7,12,17,8
2,41-26＝？,15,20,25,16
2,67-8＝？,59,58,57,49
2,19＋78＝？,97,87,107,98
2,29＋61＝？,90,80,100,91
2,49＋48＝？,97,87,107,98
2,29＋46＝？,75,65,85,76
2,56＋29＝？,85,75,95,86
2,36-7＝？,29,28,27,19
2,19＋32＝？,51,41,61,52
2,79＋7＝？,86,76,96,87
2,96-77＝？,19,24,29,20
2,90-22＝？,68,73,78,69
2,22＋49＝？,71,61,81,72
2,71-35＝？,36,41,46,37
2,83-5＝？,78,77,76,68
2,15＋66＝？,81,71,91,82
2,32-4＝？,28,27,26,18
2,33＋7＝？,40,30,50,41
2,69＋8＝？,77,67,87,78
2,24＋67＝？,91,81,101,92
2,96-88＝？,8,13,18,9
2,25＋27＝？,52,42,62,53
2,17＋49＝？,66,56,76,67
2,96-7＝？,89,88,87,79
2,15＋56＝？,71,61,81,72
2,34-16＝？,18,23,28,19
2,80-37＝？,43,48,53,44
2,60-18＝？,42,47,52,43
2,81-14＝？,67,72,77,68
2,29-26＝？,3,8,13,4
2,18＋54＝？,72,62,82,73
2,70-63＝？,7,12,17,8
2,81-29＝？,52,57,62,53
2,28＋13＝？,41,31,51,42
2,59＋18＝？,77,67,87,78
2,73-16＝？,57,62,67,58
2,39＋27＝？,66,56,76,67
2,13-7＝？,6,5,4,7
2,74-36＝？,38,43,48,39
2,63＋18＝？,81,71,91,82
2,45＋27＝？,72,62,82,73
2,96-17＝？,79,84,89,80
2,25-9＝？,16,15,14,6
2,33＋29＝？,62,52,72,63
2,64-58＝？,6,11,16,7
2,86-8＝？,78,77,76,68
2,82-69＝？,13,18,23,14
2,92-78＝？,14,19,24,15
2,80-41＝？,39,44,49,40
2,83-57＝？,26,31,36,27
2,41＋49＝？,90,80,100,91
2,75-69＝？,6,11,16,7
2,65-38＝？,27,32,37,28
2,39＋11＝？,50,40,60,51
2,26-19＝？,7,12,17,8
2,65-39＝？,26,31,36,27
2,49＋39＝？,88,78,98,89
2,20-7＝？,13,12,11,3
2,29＋24＝？,53,43,63,54
2,40-23＝？,17,22,27,18
2,56＋28＝？,84,74,94,85
2,83-79＝？,4,9,14,5
2,72-15＝？,57,62,67,58
2,81-35＝？,46,51,56,47
2,59＋12＝？,71,61,81,72
2,24＋57＝？,81,71,91,82
2,71-13＝？,58,63,68,59
2,50-22＝？,28,33,38,29
2,59＋22＝？,81,71,91,82
2,18＋18＝？,36,26,46,37
2,38＋39＝？,77,67,87,78
2,73-64＝？,9,14,19,10
2,67-39＝？,28,33,38,29
2,26＋46＝？,72,62,82,73
2,16＋47＝？,63,53,73,64
2,27＋47＝？,74,64,84,75
2,45-39＝？,6,11,16,7
2,20-2＝？,18,17,16,8
2,92-36＝？,56,61,66,57
2,69＋19＝？,88,78,98,89
2,44＋6＝？,50,40,60,51
2,30-11＝？,19,24,29,20
2,93-17＝？,76,81,86,77
2,29＋16＝？,45,35,55,46
2,18＋75＝？,93,83,103,94
2,37＋58＝？,95,85,105,96
2,83-24＝？,59,64,69,60
2,37＋19＝？,56,46,66,57
2,46＋47＝？,93,83,103,94
2,55-47＝？,8,13,18,9
2,75＋5＝？,80,70,90,81
2,37＋6＝？,43,33,53,44
2,31-22＝？,9,14,19,10
2,63-8＝？,55,54,53,45
2,64-55＝？,9,14,19,10
2,92-33＝？,59,64,69,60
2,68＋25＝？,93,83,103,94
2,14＋77＝？,91,81,101,92
2,57-29＝？,28,33,38,29
2,17＋27＝？,44,34,54,45
2,82-7＝？,75,74,73,65
2,75-48＝？,27,32,37,28
2,35＋38＝？,73,63,83,74
2,45-17＝？,28,33,38,29
2,36＋18＝？,54,44,64,55
2,62＋29＝？,91,81,101,92
2,81-28＝？,53,58,63,54
2,24＋27＝？,51,41,61,52
2,19＋67＝？,86,76,96,87
2,36＋19＝？,55,45,65,56
2,58＋19＝？,77,67,87,78
2,37＋15＝？,52,42,62,53
2,91-29＝？,62,67,72,63
2,32＋19＝？,51,41,61,52
2,80-61＝？,19,24,29,20
2,63-7＝？,56,55,54,46
2,79＋4＝？,83,73,93,84
2,85＋6＝？,91,81,101,92
2,77＋6＝？,83,73,93,84
2,81-69＝？,12,17,22,13
2,78＋9＝？,87,77,97,88
2,86＋5＝？,91,81,101,92
2,28＋64＝？,92,82,102,93
2,49＋19＝？,68,58,78,69
3,24+□□＝92,68,69,70,78
3,15+□□＝21,6,7,8,16
3,13+□□＝70,57,58,59,67
3,69-□□＝45,24,25,34,26
3,15+□□＝26,11,12,13,21
3,84-□□＝14,70,71,80,72
3,23+□□＝70,47,48,49,57
3,21+□□＝94,73,74,75,83
3,34-□□＝31,3,4,13,5
3,74-□□＝54,20,21,30,22
3,80-□□＝56,24,25,34,26
3,39+□□＝90,51,52,53,61
3,40+□□＝44,4,5,6,14
3,51-□□＝19,32,33,42,34
3,82+□□＝90,8,9,10,18
3,31+□□＝36,5,6,7,15
3,88-□□＝24,64,65,74,66
3,63-□□＝20,43,44,53,45
3,55+□□＝70,15,16,17,25
3,49-□□＝36,13,14,23,15
3,69-□□＝14,55,56,65,57
3,86-□□＝28,58,59,68,60
3,81-□□＝44,37,38,47,39
3,22+□□＝55,33,34,35,43
3,42-□□＝38,4,5,14,6
3,20+□□＝46,26,27,28,36
3,30+□□＝67,37,38,39,47
3,26+□□＝83,57,58,59,67
3,22+□□＝99,77,78,79,87
3,73-□□＝68,5,6,15,7
3,80-□□＝29,51,52,61,53
3,25+□□＝72,47,48,49,57
3,83+□□＝93,10,11,12,20
3,48+□□＝63,15,16,17,25
3,28+□□＝69,41,42,43,51
3,17+□□＝65,48,49,50,58
3,11+□□＝57,46,47,48,56
3,59-□□＝42,17,18,27,19
3,70+□□＝88,18,19,20,28
3,73+□□＝85,12,13,14,22
3,14+□□＝84,70,71,72,80
3,64+□□＝94,30,31,32,40
3,85-□□＝71,14,15,24,16
3,33+□□＝85,52,53,54,62
3,54+□□＝96,42,43,44,52
3,11+□□＝84,73,74,75,83
3,46+□□＝67,21,22,23,31
3,51+□□＝95,44,45,46,54
3,38+□□＝88,50,51,52,60
3,77-□□＝45,32,33,42,34
3,81-□□＝79,2,3,12,4
3,58-□□＝47,11,12,21,13
3,15+□□＝98,83,84,85,93
3,88-□□＝82,6,7,16,8
3,88+□□＝90,2,3,4,12
3,51+□□＝72,21,22,23,31
3,96-□□＝25,71,72,81,73
3,29+□□＝36,7,8,9,17
3,20+□□＝99,79,80,81,89
3,66+□□＝69,3,4,5,13
3,52-□□＝14,38,39,48,40
3,92-□□＝82,10,11,20,12
3,62+□□＝80,18,19,20,28
3,78-□□＝60,18,19,28,20
3,85-□□＝84,1,2,11,3
3,29+□□＝76,47,48,49,57
3,65+□□＝76,11,12,13,21
3,66-□□＝45,21,22,31,23
3,64-□□＝35,29,30,39,31
3,33-□□＝27,6,7,16,8
3,87-□□＝69,18,19,28,20
3,17+□□＝66,49,50,51,59
3,97-□□＝95,2,3,12,4
3,68-□□＝42,26,27,36,28
3,17+□□＝91,74,75,76,84
3,92-□□＝88,4,5,14,6
3,61+□□＝92,31,32,33,41
3,84-□□＝51,33,34,43,35
3,11+□□＝62,51,52,53,61
3,64-□□＝16,48,49,58,50
3,34+□□＝68,34,35,36,44
3,61-□□＝11,50,51,60,52
3,15+□□＝17,2,3,4,12
3,92+□□＝98,6,7,8,16
3,42+□□＝68,26,27,28,36
3,94+□□＝97,3,4,5,13
3,83-□□＝22,61,62,71,63
3,38-□□＝34,4,5,14,6
3,40+□□＝57,17,18,19,27
3,95-□□＝52,43,44,53,45
3,68-□□＝33,35,36,45,37
3,16+□□＝73,57,58,59,67
3,20+□□＝25,5,6,7,15
3,45+□□＝67,22,23,24,32
3,56+□□＝58,2,3,4,12
3,36+□□＝36,0,1,2,10
3,32+□□＝32,0,1,2,10
3,89-□□＝16,73,74,83,75
3,91-□□＝11,80,81,90,82
3,84-□□＝82,2,3,12,4
3,63+□□＝97,34,35,36,44
3,37-□□＝23,14,15,24,16
3,47-□□＝12,35,36,45,37
3,58-□□＝39,19,20,29,21
3,79-□□＝58,21,22,31,23
3,38+□□＝69,31,32,33,41
3,69-□□＝63,6,7,16,8
3,18+□□＝45,27,28,29,37
3,52-□□＝30,22,23,32,24
3,43-□□＝29,14,15,24,16
3,55+□□＝88,33,34,35,43
3,78-□□＝69,9,10,19,11
3,20-□□＝20,0,1,10,2
3,13+□□＝18,5,6,7,15
3,48+□□＝54,6,7,8,16
3,43+□□＝75,32,33,34,42
3,77-□□＝15,62,63,72,64
3,71-□□＝16,55,56,65,57
3,79-□□＝68,11,12,21,13
3,98-□□＝55,43,44,53,45
3,77-□□＝24,53,54,63,55
3,28+□□＝56,28,29,30,38
3,77-□□＝18,59,60,69,61
3,49-□□＝42,7,8,17,9
3,57+□□＝65,8,9,10,18
3,33+□□＝82,49,50,51,59
3,30+□□＝72,42,43,44,52
3,33+□□＝50,17,18,19,27
3,88-□□＝34,54,55,64,56
3,69-□□＝49,20,21,30,22
3,40+□□＝56,16,17,18,26
3,41+□□＝79,38,39,40,48
3,98-□□＝65,33,34,43,35
3,18+□□＝41,23,24,25,33
3,46-□□＝46,0,1,10,2
3,16+□□＝76,60,61,62,70
3,89-□□＝48,41,42,51,43
3,14+□□＝76,62,63,64,72
3,49+□□＝93,44,45,46,54
3,65-□□＝18,47,48,57,49
3,13+□□＝20,7,8,9,17
3,32+□□＝73,41,42,43,51
3,46+□□＝49,3,4,5,13
3,68-□□＝53,15,16,25,17
3,38+□□＝52,14,15,16,24
3,90-□□＝90,0,1,10,2
3,17+□□＝24,7,8,9,17
3,39+□□＝67,28,29,30,38
3,96-□□＝42,54,55,64,56
3,49-□□＝31,18,19,28,20
3,55+□□＝83,28,29,30,38
3,81-□□＝15,66,67,76,68
3,93-□□＝91,2,3,12,4
3,20+□□＝89,69,70,71,79
3,39+□□＝88,49,50,51,59
3,67-□□＝39,28,29,38,30
3,93+□□＝96,3,4,5,13
3,93-□□＝45,48,49,58,50
3,18+□□＝58,40,41,42,50
3,93-□□＝84,9,10,19,11
3,70-□□＝28,42,43,52,44
3,65+□□＝93,28,29,30,38
3,95-□□＝12,83,84,93,85
3,28-□□＝19,9,10,19,11
3,77-□□＝30,47,48,57,49
3,24+□□＝24,0,1,2,10
3,87-□□＝46,41,42,51,43
3,79-□□＝48,31,32,41,33
3,76-□□＝74,2,3,12,4
3,31+□□＝46,15,16,17,25
3,89-□□＝24,65,66,75,67
3,52-□□＝35,17,18,27,19
3,63-□□＝27,36,37,46,38
3,48+□□＝73,25,26,27,35
3,95-□□＝17,78,79,88,80
3,32+□□＝61,29,30,31,39
3,48+□□＝90,42,43,44,52
3,65-□□＝61,4,5,14,6
3,25+□□＝89,64,65,66,74
3,11+□□＝19,8,9,10,18
3,53+□□＝91,38,39,40,48
3,81-□□＝61,20,21,30,22
3,29+□□＝99,70,71,72,80
3,63-□□＝23,40,41,50,42
3,45+□□＝72,27,28,29,37
3,26+□□＝32,6,7,8,16
3,13+□□＝86,73,74,75,83
3,68+□□＝68,0,1,2,10
3,60+□□＝93,33,34,35,43
3,20+□□＝45,25,26,27,35
3,18+□□＝56,38,39,40,48
3,63+□□＝66,3,4,5,13
3,53-□□＝43,10,11,20,12
3,87-□□＝47,40,41,50,42
3,19+□□＝43,24,25,26,34
3,62-□□＝40,22,23,32,24
3,47-□□＝13,34,35,44,36
3,36-□□＝23,13,14,23,15
3,87-□□＝86,1,2,11,3
3,26+□□＝79,53,54,55,63
3,63+□□＝78,15,16,17,25
3,81-□□＝77,4,5,14,6
3,50-□□＝30,20,21,30,22
3,20+□□＝35,15,16,17,25
3,12+□□＝27,15,16,17,25
3,16+□□＝56,40,41,42,50
3,51+□□＝97,46,47,48,56
3,62+□□＝88,26,27,28,36
3,76+□□＝95,19,20,21,29
3,60-□□＝18,42,43,52,44
3,38-□□＝13,25,26,35,27
3,67-□□＝23,44,45,54,46
3,38+□□＝50,12,13,14,22
3,13+□□＝35,22,23,24,32
3,66-□□＝18,48,49,58,50
3,92-□□＝43,49,50,59,51
3,80+□□＝89,9,10,11,19
3,85-□□＝29,56,57,66,58
3,59-□□＝29,30,31,40,32
3,87-□□＝15,72,73,82,74
3,70-□□＝43,27,28,37,29
3,93-□□＝89,4,5,14,6
3,20+□□＝30,10,11,12,20
3,24+□□＝93,69,70,71,79
3,51+□□＝51,0,1,2,10
3,27+□□＝93,66,67,68,76
3,11+□□＝82,71,72,73,81
3,81-□□＝26,55,56,65,57
3,94-□□＝30,64,65,74,66
3,58-□□＝26,32,33,42,34
3,87-□□＝49,38,39,48,40
3,54+□□＝58,4,5,6,14
3,53+□□＝56,3,4,5,13
3,27+□□＝38,11,12,13,21
3,67-□□＝37,30,31,40,32
3,17+□□＝28,11,12,13,21
3,61+□□＝64,3,4,5,13
3,41+□□＝60,19,20,21,29
3,65+□□＝75,10,11,12,20
3,93-□□＝10,83,84,93,85
3,63-□□＝32,31,32,41,33
3,32+□□＝81,49,50,51,59
3,57+□□＝78,21,22,23,31
3,44-□□＝37,7,8,17,9
3,56-□□＝23,33,34,43,35
3,78+□□＝82,4,5,6,14
3,59-□□＝17,42,43,52,44
3,50-□□＝13,37,38,47,39
3,15+□□＝65,50,51,52,60
3,82+□□＝92,10,11,12,20
3,35+□□＝59,24,25,26,34
3,96-□□＝16,80,81,90,82
3,96-□□＝83,13,14,23,15
3,22+□□＝32,10,11,12,20
3,65+□□＝65,0,1,2,10
3,71-□□＝39,32,33,42,34
3,47+□□＝78,31,32,33,41
3,74+□□＝81,7,8,9,17
3,43+□□＝65,22,23,24,32
3,78-□□＝53,25,26,35,27
3,74+□□＝79,5,6,7,15
3,48+□□＝91,43,44,45,53
3,70+□□＝89,19,20,21,29
3,55+□□＝92,37,38,39,47
3,73-□□＝18,55,56,65,57
3,71-□□＝65,6,7,16,8
3,61+□□＝83,22,23,24,32
3,90+□□＝94,4,5,6,14
3,84+□□＝93,9,10,11,19
3,85+□□＝89,4,5,6,14
3,70-□□＝49,21,22,31,23
3,47-□□＝25,22,23,32,24
3,33-□□＝19,14,15,24,16
3,68-□□＝27,41,42,51,43
3,27+□□＝39,12,13,14,22
3,60-□□＝36,24,25,34,26
3,18+□□＝99,81,82,83,91
3,45-□□＝40,5,6,15,7
3,94-□□＝85,9,10,19,11
3,79-□□＝11,68,69,78,70
3,70-□□＝11,59,60,69,61
3,60-□□＝14,46,47,56,48
3,55+□□＝76,21,22,23,31
3,47+□□＝61,14,15,16,24
3,19+□□＝32,13,14,15,23
3,96-□□＝22,74,75,84,76
3,37-□□＝18,19,20,29,21
3,50+□□＝94,44,45,46,54
3,54+□□＝92,38,39,40,48
3,97-□□＝25,72,73,82,74
3,78-□□＝35,43,44,53,45
3,12+□□＝40,28,29,30,38
3,81+□□＝86,5,6,7,15
3,82-□□＝63,19,20,29,21
3,60+□□＝66,6,7,8,16
3,74+□□＝82,8,9,10,18
3,47+□□＝59,12,13,14,22
3,28+□□＝91,63,64,65,73
3,71-□□＝50,21,22,31,23
3,14+□□＝56,42,43,44,52
3,69-□□＝36,33,34,43,35
3,48+□□＝96,48,49,50,58
3,79+□□＝98,19,20,21,29
3,55-□□＝44,11,12,21,13
3,52+□□＝72,20,21,22,30
3,27-□□＝23,4,5,14,6
3,45+□□＝89,44,45,46,54
3,75+□□＝81,6,7,8,16
3,99-□□＝66,33,34,43,35
3,69+□□＝98,29,30,31,39
3,13+□□＝22,9,10,11,19
3,30+□□＝39,9,10,11,19
3,39+□□＝70,31,32,33,41
3,79-□□＝35,44,45,54,46
3,25+□□＝95,70,71,72,80
3,21+□□＝26,5,6,7,15
3,27+□□＝54,27,28,29,37
3,61+□□＝95,34,35,36,44
3,42+□□＝61,19,20,21,29
3,68-□□＝54,14,15,24,16
3,38+□□＝92,54,55,56,64
3,50+□□＝66,16,17,18,26
3,23-□□＝18,5,6,15,7
3,35+□□＝56,21,22,23,31
3,77-□□＝20,57,58,67,59
3,97-□□＝39,58,59,68,60
3,36-□□＝14,22,23,32,24
3,13+□□＝13,0,1,2,10
3,54-□□＝54,0,1,10,2
3,10+□□＝14,4,5,6,14
3,14+□□＝43,29,30,31,39
3,67-□□＝43,24,25,34,26
3,40-□□＝38,2,3,12,4
3,90-□□＝31,59,60,69,61
3,81-□□＝19,62,63,72,64
3,31-□□＝13,18,19,28,20
3,58+□□＝75,17,18,19,27
3,96-□□＝13,83,84,93,85
3,84-□□＝63,21,22,31,23
3,25-□□＝14,11,12,21,13
3,97-□□＝13,84,85,94,86
3,24+□□＝26,2,3,4,12
3,45+□□＝99,54,55,56,64
3,65-□□＝19,46,47,56,48
3,96-□□＝53,43,44,53,45
3,77-□□＝47,30,31,40,32
3,35+□□＝78,43,44,45,53
3,37+□□＝53,16,17,18,26
3,64+□□＝82,18,19,20,28
3,97-□□＝78,19,20,29,21
3,75-□□＝48,27,28,37,29
3,66-□□＝52,14,15,24,16
3,16+□□＝63,47,48,49,57
3,25+□□＝46,21,22,23,31
3,48+□□＝71,23,24,25,33
3,37+□□＝74,37,38,39,47
3,19-□□＝13,6,7,16,8
3,27+□□＝74,47,48,49,57
3,50-□□＝26,24,25,34,26
3,85-□□＝11,74,75,84,76
3,94-□□＝60,34,35,44,36
3,10+□□＝79,69,70,71,79
3,46-□□＝45,1,2,11,3
3,26+□□＝87,61,62,63,71
3,89-□□＝39,50,51,60,52
3,99-□□＝64,35,36,45,37
3,90-□□＝30,60,61,70,62
3,80-□□＝21,59,60,69,61
3,10+□□＝62,52,53,54,62
3,40+□□＝65,25,26,27,35
3,42+□□＝54,12,13,14,22
3,99-□□＝19,80,81,90,82
3,17+□□＝58,41,42,43,51
3,15-□□＝13,2,3,12,4
3,37-□□＝32,5,6,15,7
3,84+□□＝88,4,5,6,14
3,23+□□＝26,3,4,5,13
3,15+□□＝34,19,20,21,29
3,57-□□＝32,25,26,35,27
3,57+□□＝77,20,21,22,30
3,14+□□＝55,41,42,43,51
3,39-□□＝16,23,24,33,25
3,82-□□＝75,7,8,17,9
3,70-□□＝34,36,37,46,38
3,94-□□＝17,77,78,87,79
3,95-□□＝73,22,23,32,24
3,62-□□＝59,3,4,13,5
3,40+□□＝45,5,6,7,15
3,58-□□＝13,45,46,55,47
3,39+□□＝68,29,30,31,39
3,52-□□＝13,39,40,49,41
3,49+□□＝69,20,21,22,30
3,92-□□＝45,47,48,57,49
3,69-□□＝13,56,57,66,58
3,68-□□＝68,0,1,10,2
3,32+□□＝93,61,62,63,71
3,86-□□＝36,50,51,60,52
3,41-□□＝33,8,9,18,10
3,68-□□＝32,36,37,46,38
3,72+□□＝90,18,19,20,28
3,76-□□＝56,20,21,30,22
3,61-□□＝60,1,2,11,3
3,77+□□＝86,9,10,11,19
3,97-□□＝10,87,88,97,89
3,93-□□＝50,43,44,53,45
3,76+□□＝87,11,12,13,21
3,59+□□＝69,10,11,12,20
3,55+□□＝86,31,32,33,41
3,58+□□＝99,41,42,43,51
3,71+□□＝83,12,13,14,22
3,27+□□＝58,31,32,33,41
3,89-□□＝77,12,13,22,14
3,92-□□＝66,26,27,36,28
3,33+□□＝45,12,13,14,22
3,17+□□＝81,64,65,66,74
3,96-□□＝80,16,17,26,18
3,75+□□＝98,23,24,25,33
3,65-□□＝34,31,32,41,33
3,64+□□＝74,10,11,12,20
3,17+□□＝73,56,57,58,66
3,64+□□＝92,28,29,30,38
3,26+□□＝48,22,23,24,32
3,67+□□＝82,15,16,17,25
3,34-□□＝16,18,19,28,20
3,66-□□＝12,54,55,64,56
3,57+□□＝87,30,31,32,40
3,10+□□＝58,48,49,50,58
3,73-□□＝69,4,5,14,6
3,59-□□＝12,47,48,57,49
3,36-□□＝29,7,8,17,9
3,55-□□＝51,4,5,14,6
3,21+□□＝83,62,63,64,72
3,31+□□＝70,39,40,41,49
3,28+□□＝54,26,27,28,36
3,42+□□＝69,27,28,29,37
3,96-□□＝61,35,36,45,37
3,43-□□＝16,27,28,37,29
3,39-□□＝20,19,20,29,21
3,42+□□＝89,47,48,49,57
3,31+□□＝96,65,66,67,75
3,55-□□＝54,1,2,11,3
3,85-□□＝19,66,67,76,68
3,95-□□＝32,63,64,73,65
3,68+□□＝93,25,26,27,35
3,87-□□＝13,74,75,84,76
3,80-□□＝78,2,3,12,4
3,70+□□＝92,22,23,24,32
3,22-□□＝20,2,3,12,4
3,76+□□＝82,6,7,8,16
3,90-□□＝17,73,74,83,75
3,97-□□＝94,3,4,13,5
3,58-□□＝33,25,26,35,27
3,57-□□＝25,32,33,42,34
3,44-□□＝44,0,1,10,2
3,51-□□＝24,27,28,37,29
3,91-□□＝46,45,46,55,47
3,98-□□＝15,83,84,93,85
3,35+□□＝53,18,19,20,28
3,64+□□＝64,0,1,2,10
3,29+□□＝74,45,46,47,55
3,59-□□＝35,24,25,34,26
3,83-□□＝29,54,55,64,56
3,41+□□＝51,10,11,12,20
3,86-□□＝34,52,53,62,54
3,88-□□＝84,4,5,14,6
3,99-□□＝28,71,72,81,73
3,60-□□＝24,36,37,46,38
3,41+□□＝94,53,54,55,63
3,29+□□＝78,49,50,51,59
3,96-□□＝90,6,7,16,8
3,81+□□＝98,17,18,19,27
3,15-□□＝12,3,4,13,5
3,53+□□＝60,7,8,9,17
3,54+□□＝72,18,19,20,28
3,99-□□＝61,38,39,48,40
3,83-□□＝72,11,12,21,13
3,12+□□＝13,1,2,3,11
3,23+□□＝30,7,8,9,17
3,57+□□＝81,24,25,26,34
3,46+□□＝86,40,41,42,50
3,91+□□＝98,7,8,9,17
3,57-□□＝36,21,22,31,23
3,96-□□＝64,32,33,42,34
3,19+□□＝21,2,3,4,12
3,90-□□＝59,31,32,41,33
3,10+□□＝72,62,63,64,72
3,35+□□＝76,41,42,43,51
3,32-□□＝17,15,16,25,17
3,30+□□＝70,40,41,42,50
3,36+□□＝57,21,22,23,31
3,21-□□＝12,9,10,19,11
3,27+□□＝32,5,6,7,15
3,91-□□＝52,39,40,49,41
3,82+□□＝91,9,10,11,19
3,81+□□＝89,8,9,10,18
3,15+□□＝71,56,57,58,66
3,55-□□＝53,2,3,12,4
3,83-□□＝66,17,18,27,19
3,84-□□＝25,59,60,69,61
3,76+□□＝81,5,6,7,15
3,62-□□＝12,50,51,60,52
3,29-□□＝21,8,9,18,10
3,71-□□＝33,38,39,48,40
3,37+□□＝48,11,12,13,21
3,87-□□＝19,68,69,78,70
3,43+□□＝68,25,26,27,35
3,76-□□＝42,34,35,44,36
3,99-□□＝32,67,68,77,69
3,64-□□＝44,20,21,30,22
3,31+□□＝45,14,15,16,24
3,74-□□＝58,16,17,26,18
3,91-□□＝40,51,52,61,53
3,30+□□＝33,3,4,5,13
3,55+□□＝97,42,43,44,52
3,31+□□＝72,41,42,43,51
3,10+□□＝60,50,51,52,60
3,45+□□＝78,33,34,35,43
3,24+□□＝62,38,39,40,48
3,15+□□＝73,58,59,60,68
3,72+□□＝82,10,11,12,20
3,91-□□＝35,56,57,66,58
3,67+□□＝81,14,15,16,24
3,65-□□＝25,40,41,50,42
3,96-□□＝28,68,69,78,70
3,78-□□＝23,55,56,65,57
3,86-□□＝68,18,19,28,20
3,95+□□＝95,0,1,2,10
3,24-□□＝16,8,9,18,10
3,16-□□＝16,0,1,10,2
3,65-□□＝22,43,44,53,45
3,23+□□＝90,67,68,69,77
3,57+□□＝61,4,5,6,14
3,88+□□＝93,5,6,7,15
3,11+□□＝15,4,5,6,14
3,84+□□＝96,12,13,14,22
3,94-□□＝23,71,72,81,73
3,79-□□＝43,36,37,46,38
3,56+□□＝56,0,1,2,10
3,69-□□＝11,58,59,68,60
3,21+□□＝47,26,27,28,36
3,94-□□＝45,49,50,59,51
3,33+□□＝66,33,34,35,43
3,24+□□＝60,36,37,38,46
3,59+□□＝81,22,23,24,32
3,16+□□＝96,80,81,82,90
3,67-□□＝65,2,3,12,4
3,34-□□＝17,17,18,27,19
3,90-□□＝78,12,13,22,14
3,63+□□＝72,9,10,11,19
3,80+□□＝99,19,20,21,29
3,66-□□＝16,50,51,60,52
3,60-□□＝42,18,19,28,20
3,59+□□＝99,40,41,42,50
3,13+□□＝90,77,78,79,87
3,17+□□＝61,44,45,46,54
3,43+□□＝62,19,20,21,29
3,77-□□＝40,37,38,47,39
3,32+□□＝38,6,7,8,16
3,14+□□＝87,73,74,75,83
3,71-□□＝15,56,57,66,58
3,13+□□＝37,24,25,26,34
3,73-□□＝32,41,42,51,43
3,24+□□＝59,35,36,37,45
3,34+□□＝40,6,7,8,16
3,30-□□＝25,5,6,15,7
3,77-□□＝71,6,7,16,8
3,54+□□＝67,13,14,15,23
3,27+□□＝63,36,37,38,46
3,82-□□＝23,59,60,69,61
3,16+□□＝25,9,10,11,19
3,67-□□＝29,38,39,48,40
3,43+□□＝94,51,52,53,61
3,19+□□＝75,56,57,58,66
3,83-□□＝50,33,34,43,35
3,10+□□＝51,41,42,43,51
3,67-□□＝67,0,1,10,2
3,72+□□＝74,2,3,4,12
3,28+□□＝33,5,6,7,15
3,25+□□＝81,56,57,58,66
3,67+□□＝76,9,10,11,19
3,71+□□＝84,13,14,15,23
3,46+□□＝80,34,35,36,44
3,19+□□＝67,48,49,50,58
3,86+□□＝95,9,10,11,19
3,82-□□＝49,33,34,43,35
3,82-□□＝61,21,22,31,23
3,71-□□＝18,53,54,63,55
3,44+□□＝95,51,52,53,61
3,29+□□＝95,66,67,68,76
3,77-□□＝42,35,36,45,37
3,53-□□＝25,28,29,38,30
3,44+□□＝57,13,14,15,23
3,85-□□＝33,52,53,62,54
3,23+□□＝83,60,61,62,70
3,85-□□＝52,33,34,43,35
3,36+□□＝84,48,49,50,58
3,25+□□＝65,40,41,42,50
3,35+□□＝80,45,46,47,55
3,81-□□＝13,68,69,78,70
3,88+□□＝95,7,8,9,17
3,17+□□＝45,28,29,30,38
3,93-□□＝44,49,50,59,51
3,38+□□＝48,10,11,12,20
3,12+□□＝78,66,67,68,76
3,69-□□＝42,27,28,37,29
3,59-□□＝58,1,2,11,3
3,27+□□＝85,58,59,60,68
3,75-□□＝30,45,46,55,47
3,84-□□＝20,64,65,74,66
3,39+□□＝95,56,57,58,66
3,31-□□＝16,15,16,25,17
3,41+□□＝99,58,59,60,68
3,82-□□＝17,65,66,75,67
3,61+□□＝69,8,9,10,18
3,44-□□＝19,25,26,35,27
3,35+□□＝98,63,64,65,73
3,87+□□＝90,3,4,5,13
3,73+□□＝83,10,11,12,20
3,55-□□＝31,24,25,34,26
3,91-□□＝77,14,15,24,16
3,87-□□＝41,46,47,56,48
3,27+□□＝35,8,9,10,18
3,41-□□＝28,13,14,23,15
3,87-□□＝73,14,15,24,16
3,15+□□＝49,34,35,36,44
3,28-□□＝17,11,12,21,13
3,51-□□＝21,30,31,40,32
3,40+□□＝73,33,34,35,43
3,74+□□＝76,2,3,4,12
3,43+□□＝93,50,51,52,60
3,93-□□＝39,54,55,64,56
3,70-□□＝55,15,16,25,17
3,38-□□＝12,26,27,36,28
3,34+□□＝94,60,61,62,70
3,66-□□＝46,20,21,30,22
3,79-□□＝61,18,19,28,20
3,71-□□＝20,51,52,61,53
3,19+□□＝76,57,58,59,67
3,79-□□＝19,60,61,70,62
3,59+□□＝76,17,18,19,27
3,88-□□＝44,44,45,54,46
3,45-□□＝30,15,16,25,17
3,44-□□＝20,24,25,34,26
3,96-□□＝37,59,60,69,61
3,15+□□＝51,36,37,38,46
3,37+□□＝49,12,13,14,22
3,77-□□＝75,2,3,12,4
3,93-□□＝25,68,69,78,70
3,79-□□＝38,41,42,51,43
3,69-□□＝60,9,10,19,11
3,34+□□＝87,53,54,55,63
3,27+□□＝36,9,10,11,19
3,73-□□＝29,44,45,54,46
3,40-□□＝35,5,6,15,7
3,58+□□＝61,3,4,5,13
3,24+□□＝85,61,62,63,71
3,92-□□＝77,15,16,25,17
3,12+□□＝12,0,1,2,10
3,60-□□＝60,0,1,10,2
3,19+□□＝90,71,72,73,81
3,57-□□＝30,27,28,37,29
3,71+□□＝97,26,27,28,36
3,37+□□＝79,42,43,44,52
3,18+□□＝47,29,30,31,39
3,20+□□＝91,71,72,73,81
3,80-□□＝61,19,20,29,21
3,60-□□＝49,11,12,21,13
3,93-□□＝42,51,52,61,53
3,54+□□＝86,32,33,34,42
3,72-□□＝34,38,39,48,40
3,78-□□＝14,64,65,74,66
3,81-□□＝50,31,32,41,33
3,23+□□＝59,36,37,38,46
3,75-□□＝61,14,15,24,16
3,88-□□＝32,56,57,66,58
3,67+□□＝90,23,24,25,33
3,25+□□＝28,3,4,5,13
3,86-□□＝33,53,54,63,55
3,70+□□＝79,9,10,11,19
3,66+□□＝78,12,13,14,22
3,64-□□＝14,50,51,60,52
3,22+□□＝24,2,3,4,12
3,64-□□＝19,45,46,55,47
3,21+□□＝71,50,51,52,60
3,17+□□＝44,27,28,29,37
3,51+□□＝78,27,28,29,37
3,25+□□＝87,62,63,64,72
3,36+□□＝40,4,5,6,14
3,51+□□＝52,1,2,3,11
3,37+□□＝65,28,29,30,38
3,61+□□＝78,17,18,19,27
3,12+□□＝23,11,12,13,21
3,12+□□＝88,76,77,78,86
3,36+□□＝62,26,27,28,36
3,75-□□＝22,53,54,63,55
3,43-□□＝43,0,1,10,2
3,14+□□＝75,61,62,63,71
3,84-□□＝64,20,21,30,22
3,93-□□＝74,19,20,29,21
3,48+□□＝59,11,12,13,21
3,39+□□＝75,36,37,38,46
3,56-□□＝42,14,15,24,16
3,46+□□＝61,15,16,17,25
3,30+□□＝45,15,16,17,25
3,98-□□＝85,13,14,23,15
3,66-□□＝55,11,12,21,13
3,43-□□＝35,8,9,18,10
3,75-□□＝46,29,30,39,31
3,93-□□＝31,62,63,72,64
3,18+□□＝97,79,80,81,89
3,40+□□＝79,39,40,41,49
3,59-□□＝37,22,23,32,24
3,46+□□＝90,44,45,46,54
3,51-□□＝48,3,4,13,5
3,53-□□＝53,0,1,10,2
3,15+□□＝57,42,43,44,52
3,32-□□＝27,5,6,15,7
3,29+□□＝30,1,2,3,11
3,12+□□＝92,80,81,82,90
3,52-□□＝44,8,9,18,10
3,70-□□＝64,6,7,16,8
3,36-□□＝19,17,18,27,19
3,48-□□＝15,33,34,43,35
3,92-□□＝55,37,38,47,39
3,22+□□＝92,70,71,72,80
3,74-□□＝16,58,59,68,60
3,40-□□＝15,25,26,35,27
3,91-□□＝73,18,19,28,20
3,13+□□＝49,36,37,38,46
3,49-□□＝46,3,4,13,5
3,37+□□＝57,20,21,22,30
3,74+□□＝74,0,1,2,10
3,26+□□＝29,3,4,5,13
3,85-□□＝42,43,44,53,45
3,31-□□＝20,11,12,21,13
3,97-□□＝42,55,56,65,57
3,38+□□＝43,5,6,7,15
3,14-□□＝10,4,5,14,6
3,44-□□＝12,32,33,42,34
3,39-□□＝33,6,7,16,8
3,45-□□＝26,19,20,29,21
3,24+□□＝82,58,59,60,68
3,46-□□＝13,33,34,43,35
3,82-□□＝28,54,55,64,56
3,60-□□＝25,35,36,45,37
3,92-□□＝16,76,77,86,78
3,34+□□＝56,22,23,24,32
3,57-□□＝49,8,9,18,10
3,64-□□＝57,7,8,17,9
3,75-□□＝63,12,13,22,14
3,28+□□＝89,61,62,63,71
3,49-□□＝19,30,31,40,32
3,33+□□＝46,13,14,15,23
3,84-□□＝27,57,58,67,59
3,30+□□＝87,57,58,59,67
3,80-□□＝45,35,36,45,37
3,79-□□＝23,56,57,66,58
3,96-□□＝46,50,51,60,52
3,25-□□＝13,12,13,22,14
3,34-□□＝15,19,20,29,21
3,88+□□＝98,10,11,12,20
3,92-□□＝15,77,78,87,79
3,94-□□＝20,74,75,84,76
3,40+□□＝50,10,11,12,20
3,73-□□＝60,13,14,23,15
3,53-□□＝13,40,41,50,42
3,18+□□＝18,0,1,2,10
3,65+□□＝69,4,5,6,14
3,36+□□＝38,2,3,4,12
3,59+□□＝68,9,10,11,19
3,53+□□＝68,15,16,17,25
3,77-□□＝56,21,22,31,23
3,59+□□＝87,28,29,30,38
3,43-□□＝42,1,2,11,3
3,33+□□＝63,30,31,32,40
3,58+□□＝84,26,27,28,36
3,72-□□＝35,37,38,47,39
3,59+□□＝90,31,32,33,41
3,83-□□＝81,2,3,12,4
3,55-□□＝36,19,20,29,21
3,48-□□＝40,8,9,18,10
3,47+□□＝53,6,7,8,16
3,13+□□＝44,31,32,33,41
3,69-□□＝51,18,19,28,20
3,15+□□＝78,63,64,65,73
3,81-□□＝18,63,64,73,65
3,42+□□＝57,15,16,17,25
3,28-□□＝11,17,18,27,19
3,74-□□＝73,1,2,11,3
3,26+□□＝61,35,36,37,45
3,84-□□＝19,65,66,75,67
3,10-□□＝10,0,1,10,2
3,80-□□＝22,58,59,68,60
3,55+□□＝85,30,31,32,40
3,85-□□＝62,23,24,33,25
3,40-□□＝23,17,18,27,19
3,32-□□＝15,17,18,27,19
3,18+□□＝72,54,55,56,64
3,15+□□＝28,13,14,15,23
3,21+□□＝58,37,38,39,47
3,81-□□＝69,12,13,22,14
3,22+□□＝36,14,15,16,24
3,99-□□＝68,31,32,41,33
3,55-□□＝45,10,11,20,12
3,15+□□＝89,74,75,76,84
3,70-□□＝60,10,11,20,12
3,29+□□＝83,54,55,56,64
3,26+□□＝47,21,22,23,31
3,88-□□＝12,76,77,86,78
3,95-□□＝53,42,43,52,44
3,74+□□＝83,9,10,11,19
3,14+□□＝61,47,48,49,57
3,47-□□＝45,2,3,12,4
3,43-□□＝36,7,8,17,9
3,28+□□＝66,38,39,40,48
3,83-□□＝67,16,17,26,18
3,96-□□＝87,9,10,19,11
3,74-□□＝28,46,47,56,48
3,47-□□＝28,19,20,29,21
3,28-□□＝14,14,15,24,16
3,37+□□＝42,5,6,7,15
3,50-□□＝14,36,37,46,38
3,67+□□＝94,27,28,29,37
3,61-□□＝22,39,40,49,41
3,39+□□＝53,14,15,16,24
3,35+□□＝68,33,34,35,43
3,28+□□＝53,25,26,27,35
3,42+□□＝70,28,29,30,38
3,67-□□＝15,52,53,62,54
3,15+□□＝15,0,1,2,10
3,41+□□＝70,29,30,31,39
3,67-□□＝47,20,21,30,22
3,49+□□＝63,14,15,16,24
3,31+□□＝60,29,30,31,39
3,89-□□＝44,45,46,55,47
3,36+□□＝37,1,2,3,11
3,64-□□＝42,22,23,32,24
3,89+□□＝93,4,5,6,14
3,49-□□＝18,31,32,41,33
3,98-□□＝64,34,35,44,36
3,33+□□＝70,37,38,39,47
3,93-□□＝34,59,60,69,61
3,36+□□＝49,13,14,15,23
3,25+□□＝27,2,3,4,12
3,57-□□＝27,30,31,40,32
3,34+□□＝66,32,33,34,42
3,71-□□＝13,58,59,68,60
3,81-□□＝70,11,12,21,13
3,92-□□＝71,21,22,31,23
3,50+□□＝91,41,42,43,51
3,27-□□＝20,7,8,17,9
3,44-□□＝17,27,28,37,29
3,71-□□＝30,41,42,51,43
3,43+□□＝71,28,29,30,38
3,95-□□＝13,82,83,92,84
3,57-□□＝39,18,19,28,20
3,98-□□＝39,59,60,69,61
3,31-□□＝12,19,20,29,21
3,60-□□＝16,44,45,54,46
3,29+□□＝54,25,26,27,35
3,73-□□＝62,11,12,21,13
3,17+□□＝47,30,31,32,40
3,50+□□＝90,40,41,42,50
3,98-□□＝28,70,71,80,72
3,78-□□＝64,14,15,24,16
3,66-□□＝54,12,13,22,14
3,25-□□＝15,10,11,20,12
3,71+□□＝98,27,28,29,37
3,92-□□＝31,61,62,71,63
3,14+□□＝60,46,47,48,56
3,51-□□＝43,8,9,18,10
3,81-□□＝76,5,6,15,7
3,75-□□＝13,62,63,72,64
3,34+□□＝59,25,26,27,35
3,33-□□＝23,10,11,20,12
3,68+□□＝74,6,7,8,16
3,47+□□＝93,46,47,48,56
3,68-□□＝44,24,25,34,26
3,64+□□＝71,7,8,9,17
3,49+□□＝51,2,3,4,12
3,42-□□＝14,28,29,38,30
3,32+□□＝90,58,59,60,68
3,63-□□＝34,29,30,39,31
3,22-□□＝19,3,4,13,5
3,66-□□＝41,25,26,35,27
3,34+□□＝54,20,21,22,30
3,43-□□＝17,26,27,36,28
3,65-□□＝41,24,25,34,26
3,44+□□＝54,10,11,12,20
3,87-□□＝17,70,71,80,72
3,24+□□＝66,42,43,44,52
3,51-□□＝50,1,2,11,3
3,89+□□＝94,5,6,7,15
3,75-□□＝31,44,45,54,46
3,87-□□＝12,75,76,85,77
3,41-□□＝40,1,2,11,3
3,63-□□＝62,1,2,11,3
3,36+□□＝58,22,23,24,32
3,41+□□＝63,22,23,24,32
3,11+□□＝23,12,13,14,22
3,66-□□＝32,34,35,44,36
3,85-□□＝64,21,22,31,23
3,40+□□＝96,56,57,58,66
3,12+□□＝28,16,17,18,26
3,56+□□＝66,10,11,12,20
3,44+□□＝60,16,17,18,26
3,58+□□＝74,16,17,18,26
3,60-□□＝27,33,34,43,35
3,16+□□＝61,45,46,47,55
3,41-□□＝38,3,4,13,5
3,94-□□＝78,16,17,26,18
3,73-□□＝39,34,35,44,36
3,49+□□＝65,16,17,18,26
3,48-□□＝11,37,38,47,39
3,87-□□＝58,29,30,39,31
3,91-□□＝21,70,71,80,72
3,35-□□＝13,22,23,32,24
3,31-□□＝15,16,17,26,18
3,78-□□＝31,47,48,57,49
3,76+□□＝76,0,1,2,10
3,53+□□＝75,22,23,24,32
3,31-□□＝27,4,5,14,6
3,57-□□＝28,29,30,39,31
3,38+□□＝62,24,25,26,34
3,71-□□＝51,20,21,30,22
3,94-□□＝12,82,83,92,84
3,97-□□＝33,64,65,74,66
3,45+□□＝65,20,21,22,30
3,84+□□＝90,6,7,8,16
3,45-□□＝15,30,31,40,32
3,80-□□＝71,9,10,19,11
3,54+□□＝94,40,41,42,50
3,18+□□＝88,70,71,72,80
3,35+□□＝97,62,63,64,72
3,14+□□＝73,59,60,61,69
3,67+□□＝69,2,3,4,12
3,85-□□＝82,3,4,13,5
3,68-□□＝59,9,10,19,11
3,14+□□＝30,16,17,18,26
3,95+□□＝96,1,2,3,11
3,74-□□＝27,47,48,57,49
3,96+□□＝98,2,3,4,12
3,69-□□＝22,47,48,57,49
3,61+□□＝74,13,14,15,23
3,46+□□＝66,20,21,22,30
3,38+□□＝49,11,12,13,21
3,78-□□＝72,6,7,16,8
3,35-□□＝34,1,2,11,3
3,11+□□＝42,31,32,33,41
3,80-□□＝17,63,64,73,65
3,95-□□＝26,69,70,79,71
3,64-□□＝50,14,15,24,16
3,26+□□＝41,15,16,17,25
3,92-□□＝58,34,35,44,36
3,91-□□＝57,34,35,44,36
3,46-□□＝20,26,27,36,28
3,53-□□＝46,7,8,17,9
3,22+□□＝74,52,53,54,62
3,67-□□＝34,33,34,43,35
3,36+□□＝94,58,59,60,68
3,53-□□＝30,23,24,33,25
3,19+□□＝71,52,53,54,62
3,47-□□＝40,7,8,17,9
3,49-□□＝10,39,40,49,41
3,31+□□＝47,16,17,18,26
3,30+□□＝65,35,36,37,45
3,45-□□＝43,2,3,12,4
3,85-□□＝49,36,37,46,38
3,61-□□＝50,11,12,21,13
3,56+□□＝72,16,17,18,26
3,64-□□＝62,2,3,12,4
3,63-□□＝37,26,27,36,28
3,25+□□＝99,74,75,76,84
3,98-□□＝38,60,61,70,62
3,45-□□＝42,3,4,13,5
3,23+□□＝33,10,11,12,20
3,48-□□＝27,21,22,31,23
3,73-□□＝17,56,57,66,58
3,13+□□＝68,55,56,57,65
3,12+□□＝71,59,60,61,69
3,37+□□＝96,59,60,61,69
3,12+□□＝50,38,39,40,48
3,13+□□＝94,81,82,83,91
3,45+□□＝50,5,6,7,15
3,74-□□＝68,6,7,16,8
3,17+□□＝71,54,55,56,64
3,87-□□＝10,77,78,87,79
3,55-□□＝40,15,16,25,17
3,21+□□＝54,33,34,35,43
3,41-□□＝16,25,26,35,27
3,24+□□＝79,55,56,57,65
3,80-□□＝13,67,68,77,69
3,79-□□＝22,57,58,67,59
3,49+□□＝99,50,51,52,60
3,17+□□＝51,34,35,36,44
3,14+□□＝74,60,61,62,70
3,64-□□＝63,1,2,11,3
3,49+□□＝71,22,23,24,32
3,16+□□＝50,34,35,36,44
3,13+□□＝29,16,17,18,26