難易度,問題文,正解,偽選択肢１,偽選択肢２,偽選択肢３
1,623＋50＝？,673,663,683,674
1,530＋7＝？,537,527,547,538
1,833＋11＝？,844,834,854,845
1,771-10＝？,761,751,752,760
1,885-62＝？,823,813,814,822
1,263-0＝？,263,253,254,262
1,568-17＝？,551,541,542,550
1,105＋92＝？,197,187,207,198
1,188-8＝？,180,170,171,179
1,305＋60＝？,365,355,375,366
1,588-40＝？,548,538,539,547
1,925＋2＝？,927,917,937,928
1,388-20＝？,368,358,359,367
1,373＋22＝？,395,385,405,396
1,213＋13＝？,226,216,236,227
1,420＋57＝？,477,467,487,478
1,296-24＝？,272,262,263,271
1,678-45＝？,633,623,624,632
1,547＋20＝？,567,557,577,568
1,438-3＝？,435,425,426,434
1,663＋23＝？,686,676,696,687
1,601＋68＝？,669,659,679,670
1,501＋33＝？,534,524,544,535
1,665＋0＝？,665,655,675,666
1,514＋33＝？,547,537,557,548
1,622＋73＝？,695,685,705,696
1,107＋42＝？,149,139,159,150
1,797-63＝？,734,724,725,733
1,290＋6＝？,296,286,306,297
1,803＋5＝？,808,798,818,809
1,819-50＝？,769,759,760,768
1,854-44＝？,810,800,801,809
1,396-92＝？,304,294,295,303
1,506-1＝？,505,495,496,504
1,367＋30＝？,397,387,407,398
1,383-61＝？,322,312,313,321
1,575-23＝？,552,542,543,551
1,444＋22＝？,466,456,476,467
1,349-21＝？,328,318,319,327
1,266-23＝？,243,233,234,242
1,299-52＝？,247,237,238,246
1,482-2＝？,480,470,471,479
1,838-31＝？,807,797,798,806
1,940＋19＝？,959,949,969,960
1,326-3＝？,323,313,314,322
1,272＋13＝？,285,275,295,286
1,233-32＝？,201,191,192,200
1,442-2＝？,440,430,431,439
1,421＋6＝？,427,417,437,428
1,382-12＝？,370,360,361,369
1,166-12＝？,154,144,145,153
1,279-71＝？,208,198,199,207
1,781＋6＝？,787,777,797,788
1,947＋11＝？,958,948,968,959
1,238-32＝？,206,196,197,205
1,909-3＝？,906,896,897,905
1,491-1＝？,490,480,481,489
1,240＋3＝？,243,233,253,244
1,120＋11＝？,131,121,141,132
1,568-37＝？,531,521,522,530
1,822-20＝？,802,792,793,801
1,584-82＝？,502,492,493,501
1,236＋53＝？,289,279,299,290
1,246-26＝？,220,210,211,219
1,331＋51＝？,382,372,392,383
1,107＋12＝？,119,109,129,120
1,624-13＝？,611,601,602,610
1,603＋31＝？,634,624,644,635
1,272-51＝？,221,211,212,220
1,261＋8＝？,269,259,279,270
1,765＋21＝？,786,776,796,787
1,717＋30＝？,747,737,757,748
1,587-2＝？,585,575,576,584
1,386-43＝？,343,333,334,342
1,571＋24＝？,595,585,605,596
1,650＋6＝？,656,646,666,657
1,597-27＝？,570,560,561,569
1,279-76＝？,203,193,194,202
1,744＋53＝？,797,787,807,798
1,110＋70＝？,180,170,190,181
1,836-1＝？,835,825,826,834
1,201＋23＝？,224,214,234,225
1,950＋35＝？,985,975,995,986
1,848-0＝？,848,838,839,847
1,631＋16＝？,647,637,657,648
1,690＋5＝？,695,685,705,696
1,670＋9＝？,679,669,689,680
1,976-55＝？,921,911,912,920
1,910＋60＝？,970,960,980,971
1,633＋15＝？,648,638,658,649
1,279-63＝？,216,206,207,215
1,280-0＝？,280,270,271,279
1,602＋36＝？,638,628,648,639
1,948-4＝？,944,934,935,943
1,768-51＝？,717,707,708,716
1,416＋12＝？,428,418,438,429
1,677-32＝？,645,635,636,644
1,985-30＝？,955,945,946,954
1,455＋31＝？,486,476,496,487
1,406＋21＝？,427,417,437,428
1,116＋40＝？,156,146,166,157
1,178-12＝？,166,156,157,165
1,839-23＝？,816,806,807,815
1,599-66＝？,533,523,524,532
1,387-64＝？,323,313,314,322
1,125-24＝？,101,91,92,100
1,696-55＝？,641,631,632,640
1,282＋17＝？,299,289,309,300
1,478-37＝？,441,431,432,440
1,756＋12＝？,768,758,778,769
1,172-10＝？,162,152,153,161
1,731＋38＝？,769,759,779,770
1,187-20＝？,167,157,158,166
1,434＋5＝？,439,429,449,440
1,565＋12＝？,577,567,587,578
1,557-45＝？,512,502,503,511
1,672-71＝？,601,591,592,600
1,979-17＝？,962,952,953,961
1,685-1＝？,684,674,675,683
1,974-21＝？,953,943,944,952
1,800＋30＝？,830,820,840,831
1,281＋11＝？,292,282,302,293
1,967-5＝？,962,952,953,961
1,887-0＝？,887,877,878,886
1,403＋60＝？,463,453,473,464
1,965-3＝？,962,952,953,961
1,895-64＝？,831,821,822,830
1,705＋80＝？,785,775,795,786
1,389-25＝？,364,354,355,363
1,370-10＝？,360,350,351,359
1,732-30＝？,702,692,693,701
1,193-82＝？,111,101,102,110
1,532＋1＝？,533,523,543,534
1,871＋3＝？,874,864,884,875
1,901＋13＝？,914,904,924,915
1,738-31＝？,707,697,698,706
1,679-44＝？,635,625,626,634
1,577-27＝？,550,540,541,549
1,283＋6＝？,289,279,299,290
1,689-34＝？,655,645,646,654
1,602＋6＝？,608,598,618,609
1,199-79＝？,120,110,111,119
1,199＋0＝？,199,189,209,200
1,312＋12＝？,324,314,334,325
1,994-51＝？,943,933,934,942
1,701＋21＝？,722,712,732,723
1,920＋12＝？,932,922,942,933
1,481＋4＝？,485,475,495,486
1,397-62＝？,335,325,326,334
1,643-31＝？,612,602,603,611
1,235＋42＝？,277,267,287,278
1,302＋7＝？,309,299,319,310
1,525＋4＝？,529,519,539,530
1,320＋50＝？,370,360,380,371
1,731＋4＝？,735,725,745,736
1,896-44＝？,852,842,843,851
1,387-74＝？,313,303,304,312
1,299-8＝？,291,281,282,290
1,599-84＝？,515,505,506,514
1,187-46＝？,141,131,132,140
1,430＋20＝？,450,440,460,451
1,126＋72＝？,198,188,208,199
1,469-95＝？,374,364,365,373
1,744＋43＝？,787,777,797,788
1,812＋23＝？,835,825,845,836
1,687＋10＝？,697,687,707,698
1,888-14＝？,874,864,865,873
1,731＋50＝？,781,771,791,782
1,363＋34＝？,397,387,407,398
1,297-46＝？,251,241,242,250
1,543＋33＝？,576,566,586,577
1,599-5＝？,594,584,585,593
1,806＋90＝？,896,886,906,897
1,387-77＝？,310,300,301,309
1,550＋24＝？,574,564,584,575
1,933-13＝？,920,910,911,919
1,434＋55＝？,489,479,499,490
1,599-68＝？,531,521,522,530
1,472＋26＝？,498,488,508,499
1,448-24＝？,424,414,415,423
1,876＋0＝？,876,866,886,877
1,705＋14＝？,719,709,729,720
1,597-53＝？,544,534,535,543
1,292-41＝？,251,241,242,250
1,899-51＝？,848,838,839,847
1,122＋10＝？,132,122,142,133
1,500＋52＝？,552,542,562,553
1,828-0＝？,828,818,819,827
1,659-20＝？,639,629,630,638
1,240-10＝？,230,220,221,229
1,167-61＝？,106,96,97,105
1,287-26＝？,261,251,252,260
1,792＋2＝？,794,784,804,795
1,723＋14＝？,737,727,747,738
1,396-63＝？,333,323,324,332
1,639-30＝？,609,599,600,608
1,220＋46＝？,266,256,276,267
1,583-60＝？,523,513,514,522
1,295-30＝？,265,255,256,264
1,796-53＝？,743,733,734,742
1,154-2＝？,152,142,143,151
1,993-11＝？,982,972,973,981
1,540＋57＝？,597,587,607,598
1,469-75＝？,394,384,385,393
1,745＋31＝？,776,766,786,777
1,106＋11＝？,117,107,127,118
1,507＋70＝？,577,567,587,578
1,641＋23＝？,664,654,674,665
1,499-84＝？,415,405,406,414
1,567-34＝？,533,523,524,532
1,489-29＝？,460,450,451,459
1,630＋67＝？,697,687,707,698
1,332＋52＝？,384,374,394,385
1,251＋2＝？,253,243,263,254
1,511＋38＝？,549,539,559,550
1,955＋23＝？,978,968,988,979
1,796-52＝？,744,734,735,743
1,542-42＝？,500,490,491,499
1,403＋65＝？,468,458,478,469
1,471＋14＝？,485,475,495,486
1,810＋21＝？,831,821,841,832
1,314-0＝？,314,304,305,313
1,231＋34＝？,265,255,275,266
1,136＋62＝？,198,188,208,199
1,463＋3＝？,466,456,476,467
1,662-40＝？,622,612,613,621
1,313＋54＝？,367,357,377,368
1,234＋62＝？,296,286,306,297
1,301＋97＝？,398,388,408,399
1,583＋4＝？,587,577,597,588
1,259-51＝？,208,198,199,207
1,345＋1＝？,346,336,356,347
1,706-2＝？,704,694,695,703
1,367＋12＝？,379,369,389,380
1,598-2＝？,596,586,587,595
1,297-61＝？,236,226,227,235
1,876-2＝？,874,864,865,873
1,589-73＝？,516,506,507,515
1,504＋73＝？,577,567,587,578
1,511＋23＝？,534,524,544,535
1,388-71＝？,317,307,308,316
1,942-2＝？,940,930,931,939
1,360＋10＝？,370,360,380,371
1,739＋0＝？,739,729,749,740
1,432-1＝？,431,421,422,430
1,430＋64＝？,494,484,504,495
1,721＋36＝？,757,747,767,758
1,139＋60＝？,199,189,209,200
1,532＋25＝？,557,547,567,558
1,357-16＝？,341,331,332,340
1,810＋34＝？,844,834,854,845
1,578-76＝？,502,492,493,501
1,447-45＝？,402,392,393,401
1,677-14＝？,663,653,654,662
1,674＋13＝？,687,677,697,688
1,589-6＝？,583,573,574,582
1,613＋46＝？,659,649,669,660
1,214＋71＝？,285,275,295,286
1,110＋2＝？,142,132,152,143
1,730＋19＝？,749,739,759,750
1,377＋2＝？,379,369,389,380
1,184＋10＝？,194,184,204,195
1,595-40＝？,555,545,546,554
1,627＋51＝？,678,668,688,679
1,658-32＝？,626,616,617,625
1,881-10＝？,871,861,862,870
1,437＋50＝？,487,477,497,488
1,700＋41＝？,741,731,751,742
1,928-7＝？,921,911,912,920
1,641＋6＝？,647,637,657,648
1,563-61＝？,502,492,493,501
1,662-2＝？,660,650,651,659
1,527＋31＝？,558,548,568,559
1,767-50＝？,717,707,708,716
1,510＋79＝？,589,579,599,590
1,299-30＝？,269,259,260,268
1,770＋3＝？,773,763,783,774
1,843-2＝？,841,831,832,840
1,224＋52＝？,276,266,286,277
1,945-31＝？,914,904,905,913
1,843＋24＝？,867,857,877,868
1,897-47＝？,850,840,841,849
1,838-8＝？,830,820,821,829
1,112＋1＝？,143,133,153,144
1,730-0＝？,730,720,721,729
1,659-9＝？,650,640,641,649
1,976＋3＝？,979,969,989,980
1,937-7＝？,930,920,921,929
1,782-12＝？,770,760,761,769
1,624＋11＝？,635,625,645,636
1,135＋40＝？,175,165,185,176
1,115-12＝？,103,93,94,102
1,529-10＝？,519,509,510,518
1,702＋43＝？,745,735,755,746
1,881＋5＝？,886,876,896,887
1,461-50＝？,411,401,402,410
1,590＋9＝？,599,589,609,600
1,296-84＝？,212,202,203,211
1,687-60＝？,627,617,618,626
1,975＋4＝？,979,969,989,980
1,102＋55＝？,157,147,167,158
1,387-3＝？,384,374,375,383
1,959-59＝？,900,890,891,899
1,529-14＝？,515,505,506,514
1,604＋64＝？,668,658,678,669
1,774-43＝？,731,721,722,730
1,650＋14＝？,664,654,674,665
1,741＋25＝？,766,756,776,767
1,710＋51＝？,761,751,771,762
1,217＋32＝？,249,239,259,250
1,234＋64＝？,298,288,308,299
1,497-57＝？,440,430,431,439
1,519-12＝？,507,497,498,506
1,569-74＝？,495,485,486,494
1,561＋1＝？,562,552,572,563
1,989-26＝？,963,953,954,962
1,137＋50＝？,187,177,197,188
1,936-30＝？,906,896,897,905
1,450＋43＝？,493,483,503,494
1,748-30＝？,718,708,709,717
1,895-61＝？,834,824,825,833
1,791-0＝？,791,781,782,790
1,369-53＝？,316,306,307,315
1,624＋52＝？,676,666,686,677
1,292-22＝？,270,260,261,269
1,389-59＝？,330,320,321,329
1,426＋1＝？,427,417,437,428
1,860＋23＝？,883,873,893,884
1,533＋64＝？,597,587,607,598
1,379-24＝？,355,345,346,354
1,642＋12＝？,654,644,664,655
1,627＋71＝？,698,688,708,699
1,773-22＝？,751,741,742,750
1,232＋60＝？,292,282,302,293
1,595-60＝？,535,525,526,534
1,167-3＝？,164,154,155,163
1,234＋1＝？,235,225,245,236
1,574-64＝？,510,500,501,509
1,914＋14＝？,928,918,938,929
1,943＋13＝？,956,946,966,957
1,629-19＝？,610,600,601,609
1,645＋3＝？,648,638,658,649
1,661＋5＝？,666,656,676,667
1,859-0＝？,859,849,850,858
1,156-44＝？,112,102,103,111
1,296-13＝？,283,273,274,282
1,954＋21＝？,975,965,985,976
1,906＋11＝？,917,907,927,918
1,324＋52＝？,376,366,386,377
1,798＋0＝？,798,788,808,799
1,506-3＝？,503,493,494,502
1,208＋40＝？,248,238,258,249
1,313＋76＝？,389,379,399,390
1,666-56＝？,610,600,601,609
1,476-73＝？,403,393,394,402
1,161＋22＝？,183,173,193,184
1,181-61＝？,120,110,111,119
1,658-25＝？,633,623,624,632
1,196-65＝？,131,121,122,130
1,216＋61＝？,277,267,287,278
1,930＋53＝？,983,973,993,984
1,914＋33＝？,947,937,957,948
1,922＋56＝？,978,968,988,979
1,466＋32＝？,498,488,508,499
1,465-30＝？,435,425,426,434
1,389＋10＝？,399,389,409,400
1,839-32＝？,807,797,798,806
1,196-55＝？,141,131,132,140
1,710＋80＝？,790,780,800,791
1,113＋4＝？,117,107,127,118
1,746＋32＝？,778,768,788,779
1,286-85＝？,201,191,192,200
1,974-4＝？,970,960,961,969
1,383-41＝？,342,332,333,341
1,200＋51＝？,251,241,261,252
1,464-21＝？,443,433,434,442
1,221＋43＝？,264,254,274,265
1,794-14＝？,780,770,771,779
1,912＋74＝？,986,976,996,987
1,601＋73＝？,674,664,684,675
1,113＋22＝？,165,155,175,166
1,235-32＝？,203,193,194,202
1,986-45＝？,941,931,932,940
1,121＋76＝？,197,187,207,198
1,786-84＝？,702,692,693,701
1,797-83＝？,714,704,705,713
1,364＋25＝？,389,379,399,390
1,154＋11＝？,165,155,175,166
1,696-23＝？,673,663,664,672
1,444-40＝？,404,394,395,403
1,177-16＝？,161,151,152,160
1,748-26＝？,722,712,713,721
1,747＋50＝？,797,787,807,798
1,112＋67＝？,179,169,189,180
1,918＋51＝？,969,959,979,970
1,552＋40＝？,592,582,602,593
1,289-48＝？,241,231,232,240
1,749-7＝？,742,732,733,741
1,731＋42＝？,773,763,783,774
1,135-21＝？,114,104,105,113
1,906＋0＝？,906,896,916,907
1,698-70＝？,628,618,619,627
1,979-49＝？,930,920,921,929
1,199-20＝？,179,169,170,178
1,332＋35＝？,367,357,377,368
1,831＋42＝？,873,863,883,874
1,235-1＝？,234,224,225,233
1,598-30＝？,568,558,559,567
1,976＋2＝？,978,968,988,979
1,579-18＝？,561,551,552,560
1,326＋73＝？,399,389,409,400
1,312＋46＝？,358,348,368,359
1,759-26＝？,733,723,724,732
1,841-21＝？,820,810,811,819
1,520＋37＝？,557,547,567,558
1,642＋45＝？,687,677,697,688
1,523＋56＝？,579,569,589,580
1,675-60＝？,615,605,606,614
1,920＋23＝？,943,933,953,944
1,495-42＝？,453,443,444,452
1,757-2＝？,755,745,746,754
1,401＋5＝？,406,396,416,407
1,286-74＝？,212,202,203,211
1,330＋59＝？,389,379,399,390
1,863＋6＝？,869,859,879,870
1,710＋64＝？,774,764,784,775
1,443＋14＝？,457,447,467,458
1,460＋26＝？,486,476,496,487
1,482-1＝？,481,471,472,480
1,410＋10＝？,420,410,430,421
1,174-12＝？,162,152,153,161
1,237-13＝？,224,214,215,223
1,394-72＝？,322,312,313,321
1,710＋69＝？,779,769,789,780
1,919-80＝？,839,829,830,838
1,943＋30＝？,973,963,983,974
1,207-5＝？,202,192,193,201
1,286-54＝？,232,222,223,231
1,891＋7＝？,898,888,908,899
1,366-26＝？,340,330,331,339
1,569-43＝？,526,516,517,525
1,877-5＝？,872,862,863,871
1,611＋14＝？,625,615,635,626
1,883＋10＝？,893,883,903,894
1,181-51＝？,130,120,121,129
1,601＋61＝？,662,652,672,663
1,810＋18＝？,828,818,838,829
1,575-44＝？,531,521,522,530
1,808＋91＝？,899,889,909,900
1,975-12＝？,963,953,954,962
1,968-47＝？,921,911,912,920
1,588-86＝？,502,492,493,501
1,776-23＝？,753,743,744,752
1,850＋27＝？,877,867,887,878
1,874-52＝？,822,812,813,821
1,732＋37＝？,769,759,779,770
1,532＋15＝？,547,537,557,548
1,568-10＝？,558,548,549,557
1,677-23＝？,654,644,645,653
1,200＋86＝？,286,276,296,287
1,578-41＝？,537,527,528,536
1,372-52＝？,320,310,311,319
1,863-40＝？,823,813,814,822
1,943-31＝？,912,902,903,911
1,362＋25＝？,387,377,397,388
1,503＋52＝？,555,545,565,556
1,915＋31＝？,946,936,956,947
1,663＋10＝？,673,663,683,674
1,490＋6＝？,496,486,506,497
1,230＋50＝？,280,270,290,281
1,446＋53＝？,499,489,509,500
1,843＋10＝？,853,843,863,854
1,388-18＝？,370,360,361,369
1,101＋58＝？,159,149,169,160
1,742＋45＝？,787,777,797,788
1,591-1＝？,590,580,581,589
1,240-30＝？,210,200,201,209
1,486-75＝？,411,401,402,410
1,399-86＝？,313,303,304,312
1,532＋41＝？,573,563,583,574
1,996-41＝？,955,945,946,954
1,697-56＝？,641,631,632,640
1,767＋31＝？,798,788,808,799
1,245-1＝？,244,234,235,243
1,662-61＝？,601,591,592,600
1,404＋74＝？,478,468,488,479
1,171＋12＝？,183,173,193,184
1,654-2＝？,652,642,643,651
1,932＋54＝？,986,976,996,987
1,486-25＝？,461,451,452,460
1,783-82＝？,701,691,692,700
1,828＋20＝？,848,838,858,849
1,658-3＝？,655,645,646,654
1,284-21＝？,263,253,254,262
1,800＋90＝？,890,880,900,891
1,788-18＝？,770,760,761,769
1,627＋40＝？,667,657,677,668
1,954-44＝？,910,900,901,909
1,334＋40＝？,374,364,384,375
1,307＋20＝？,327,317,337,328
1,952-51＝？,901,891,892,900
1,239-31＝？,208,198,199,207
1,623＋22＝？,645,635,655,646
1,869-8＝？,861,851,852,860
1,316＋80＝？,396,386,406,397
1,987-63＝？,924,914,915,923
1,326＋60＝？,386,376,396,387
1,882-72＝？,810,800,801,809
1,403-3＝？,400,390,391,399
1,515＋60＝？,575,565,585,576
1,608＋40＝？,648,638,658,649
1,389-28＝？,361,351,352,360
1,432-20＝？,412,402,403,411
1,213＋84＝？,297,287,307,298
1,106＋32＝？,138,128,148,139
1,688-41＝？,647,637,638,646
1,797-55＝？,742,732,733,741
1,441＋38＝？,479,469,489,480
1,948-10＝？,938,928,929,937
1,131＋28＝？,159,149,169,160
1,987-41＝？,946,936,937,945
1,543＋30＝？,573,563,583,574
1,697-86＝？,611,601,602,610
1,694-41＝？,653,643,644,652
1,197-26＝？,171,161,162,170
1,850＋10＝？,860,850,870,861
1,916-6＝？,910,900,901,909
1,801＋40＝？,841,831,851,842
1,637-32＝？,605,595,596,604
1,796-23＝？,773,763,764,772
1,699-59＝？,640,630,631,639
1,339-20＝？,319,309,310,318
1,400＋23＝？,423,413,433,424
1,539＋40＝？,579,569,589,580
1,904＋5＝？,909,899,919,910
1,854-24＝？,830,820,821,829
1,979-22＝？,957,947,948,956
1,969-45＝？,924,914,915,923
1,483＋12＝？,495,485,505,496
1,787-50＝？,737,727,728,736
1,911＋50＝？,961,951,971,962
1,275-32＝？,243,233,234,242
1,115＋11＝？,156,146,166,157
1,489-82＝？,407,397,398,406
1,913＋24＝？,937,927,947,938
1,227＋42＝？,269,259,279,270
1,712＋5＝？,717,707,727,718
1,779-43＝？,736,726,727,735
1,292-31＝？,261,251,252,260
1,733＋54＝？,787,777,797,788
1,489-26＝？,463,453,454,462
1,612＋53＝？,665,655,675,666
1,768＋20＝？,788,778,798,789
1,586-22＝？,564,554,555,563
1,782-2＝？,780,770,771,779
1,256-45＝？,211,201,202,210
1,730＋6＝？,736,726,746,737
1,416＋41＝？,457,447,467,458
1,845＋41＝？,886,876,896,887
1,680＋19＝？,699,689,709,700
1,116＋10＝？,126,116,136,127
1,207＋10＝？,217,207,227,218
1,521＋66＝？,587,577,597,588
1,867-4＝？,863,853,854,862
1,730＋1＝？,731,721,741,732
1,996-81＝？,915,905,906,914
1,802＋44＝？,846,836,856,847
1,519-16＝？,503,493,494,502
1,772＋3＝？,775,765,785,776
1,945＋2＝？,947,937,957,948
1,685-15＝？,670,660,661,669
1,385-10＝？,375,365,366,374
1,262-1＝？,261,251,252,260
1,479-5＝？,474,464,465,473
1,661＋25＝？,686,676,696,687
1,918＋11＝？,929,919,939,930
1,798-55＝？,743,733,734,742
1,359-45＝？,314,304,305,313
1,125＋1＝？,126,116,136,127
1,896-16＝？,880,870,871,879
1,723＋45＝？,768,758,778,769
1,347＋51＝？,398,388,408,399
1,108＋51＝？,159,149,169,160
1,807＋61＝？,868,858,878,869
1,596-96＝？,500,490,491,499
1,704＋83＝？,787,777,797,788
1,246-34＝？,212,202,203,211
1,473＋20＝？,493,483,503,494
1,236＋21＝？,257,247,267,258
1,111＋8＝？,149,139,159,150
1,844-22＝？,822,812,813,821
1,559-21＝？,538,528,529,537
1,135-3＝？,132,122,123,131
1,652＋37＝？,689,679,699,690
1,489-11＝？,478,468,469,477
1,276＋12＝？,288,278,298,289
1,631＋13＝？,644,634,654,645
1,741＋33＝？,774,764,784,775
1,479-59＝？,420,410,411,419
1,327-11＝？,316,306,307,315
1,587-34＝？,553,543,544,552
1,194-22＝？,172,162,163,171
1,348-8＝？,340,330,331,339
1,741＋28＝？,769,759,779,770
1,241＋35＝？,276,266,286,277
1,122＋54＝？,176,166,186,177
1,111＋41＝？,152,142,162,153
1,936＋11＝？,947,937,957,948
1,747-21＝？,726,716,717,725
1,620＋34＝？,654,644,664,655
1,625＋60＝？,685,675,695,686
1,810＋26＝？,836,826,846,837
1,715-4＝？,711,701,702,710
1,654-54＝？,600,590,591,599
1,137-34＝？,103,93,94,102
1,154-0＝？,154,144,145,153
1,892-80＝？,812,802,803,811
1,752-21＝？,731,721,722,730
1,959-55＝？,904,894,895,903
1,362-32＝？,330,320,321,329
1,337＋2＝？,339,329,349,340
1,604＋5＝？,609,599,619,610
1,556＋41＝？,597,587,607,598
1,397-37＝？,360,350,351,359
1,177＋0＝？,177,167,187,178
1,269-11＝？,258,248,249,257
1,878-17＝？,861,851,852,860
1,387-5＝？,382,372,373,381
1,932＋21＝？,953,943,963,954
1,296-41＝？,255,245,246,254
1,132＋44＝？,176,166,186,177
1,289-52＝？,237,227,228,236
1,110＋72＝？,182,172,192,183
1,527＋12＝？,539,529,549,540
1,871＋6＝？,877,867,887,878
1,127-25＝？,102,92,93,101
1,433＋63＝？,496,486,506,497
1,869-66＝？,803,793,794,802
1,299-91＝？,208,198,199,207
1,268-48＝？,220,210,211,219
1,866-6＝？,860,850,851,859
1,657＋41＝？,698,688,708,699
1,959-28＝？,931,921,922,930
1,299-44＝？,255,245,246,254
1,565-50＝？,515,505,506,514
1,308＋40＝？,348,338,358,349
1,932-20＝？,912,902,903,911
1,366＋33＝？,399,389,409,400
1,822-10＝？,812,802,803,811
1,831＋15＝？,846,836,856,847
1,102＋24＝？,126,116,136,127
1,578＋20＝？,598,588,608,599
1,856-52＝？,804,794,795,803
1,586-60＝？,526,516,517,525
1,277-37＝？,240,230,231,239
1,737-33＝？,704,694,695,703
1,759-38＝？,721,711,712,720
1,706-1＝？,705,695,696,704
1,486-10＝？,476,466,467,475
1,506＋40＝？,546,536,556,547
1,389-33＝？,356,346,347,355
1,377-53＝？,324,314,315,323
1,763-60＝？,703,693,694,702
1,859-39＝？,820,810,811,819
1,635＋31＝？,666,656,676,667
1,900＋50＝？,950,940,960,951
1,575-62＝？,513,503,504,512
1,823＋56＝？,879,869,889,880
1,374-73＝？,301,291,292,300
1,176＋23＝？,199,189,209,200
1,469-28＝？,441,431,432,440
1,798-24＝？,774,764,765,773
1,934-1＝？,933,923,924,932
1,788-38＝？,750,740,741,749
1,167-7＝？,160,150,151,159
1,989-78＝？,911,901,902,910
1,974-11＝？,963,953,954,962
1,146-40＝？,106,96,97,105
1,664-4＝？,660,650,651,659
1,975＋3＝？,978,968,988,979
1,350＋13＝？,363,353,373,364
1,118-8＝？,110,100,101,109
1,899-4＝？,895,885,886,894
1,998-94＝？,904,894,895,903
1,295-71＝？,224,214,215,223
1,831＋20＝？,851,841,861,852
1,871＋17＝？,888,878,898,889
1,975-62＝？,913,903,904,912
1,639-34＝？,605,595,596,604
1,421＋26＝？,447,437,457,448
1,595-11＝？,584,574,575,583
1,389-52＝？,337,327,328,336
1,167-12＝？,155,145,146,154
1,622＋15＝？,637,627,647,638
1,286-56＝？,230,220,221,229
1,488-56＝？,432,422,423,431
1,861-30＝？,831,821,822,830
1,364＋24＝？,388,378,398,389
1,427＋61＝？,488,478,498,489
1,693-60＝？,633,623,624,632
1,851＋25＝？,876,866,886,877
1,414＋20＝？,434,424,444,435
1,226＋0＝？,226,216,236,227
1,110＋40＝？,180,170,190,181
1,369-44＝？,325,315,316,324
1,255＋42＝？,297,287,307,298
1,185-11＝？,174,164,165,173
1,476-12＝？,464,454,455,463
1,455-32＝？,423,413,414,422
1,635＋51＝？,686,676,696,687
1,898-96＝？,802,792,793,801
1,452＋42＝？,494,484,504,495
1,269-53＝？,216,206,207,215
1,228-24＝？,204,194,195,203
1,567-52＝？,515,505,506,514
1,324＋61＝？,385,375,395,386
1,477-34＝？,443,433,434,442
1,388-12＝？,376,366,367,375
1,443-23＝？,420,410,411,419
1,852＋33＝？,885,875,895,886
1,558-26＝？,532,522,523,531
1,957＋1＝？,958,948,968,959
1,517-0＝？,517,507,508,516
1,194-61＝？,133,123,124,132
1,370＋10＝？,380,370,390,381
1,231＋54＝？,285,275,295,286
1,112＋57＝？,169,159,179,170
1,510＋61＝？,571,561,581,572
1,654＋34＝？,688,678,698,689
1,177-7＝？,170,160,161,169
1,134＋13＝？,147,137,157,148
1,740＋48＝？,788,778,798,789
1,629-8＝？,621,611,612,620
1,115＋60＝？,175,165,185,176
1,896-84＝？,812,802,803,811
1,269-62＝？,207,197,198,206
1,957-42＝？,915,905,906,914
1,268-62＝？,206,196,197,205
1,522＋20＝？,542,532,552,543
1,179-42＝？,137,127,128,136
1,711＋8＝？,719,709,729,720
1,329-21＝？,308,298,299,307
1,293-81＝？,212,202,203,211
1,780＋3＝？,783,773,793,784
1,290＋7＝？,297,287,307,298
1,198-93＝？,105,95,96,104
1,973-0＝？,973,963,964,972
1,767-31＝？,736,726,727,735
1,762＋33＝？,795,785,805,796
1,179-44＝？,135,125,126,134
1,941＋33＝？,974,964,984,975
1,463-13＝？,450,440,441,449
1,853＋30＝？,883,873,893,884
1,966-23＝？,943,933,934,942
1,351＋43＝？,394,384,404,395
1,375-50＝？,325,315,316,324
1,578-25＝？,553,543,544,552
1,759-16＝？,743,733,734,742
1,998-10＝？,988,978,979,987
1,629-4＝？,625,615,616,624
1,797-74＝？,723,713,714,722
1,623＋66＝？,689,679,699,690
1,816-16＝？,800,790,791,799
1,992-32＝？,960,950,951,959
1,457-41＝？,416,406,407,415
1,266-1＝？,265,255,256,264
1,226＋71＝？,297,287,307,298
1,265-52＝？,213,203,204,212
1,512＋0＝？,512,502,522,513
1,585-73＝？,512,502,503,511
1,222＋44＝？,266,256,276,267
1,556-25＝？,531,521,522,530
1,917-2＝？,915,905,906,914
1,902＋11＝？,913,903,923,914
1,325＋21＝？,346,336,356,347
1,941＋24＝？,965,955,975,966
1,722-2＝？,720,710,711,719
1,744-2＝？,742,732,733,741
1,869-82＝？,787,777,778,786
1,740-40＝？,700,690,691,699
1,652＋4＝？,656,646,666,657
1,338-20＝？,318,308,309,317
1,815＋71＝？,886,876,896,887
1,182-70＝？,112,102,103,111
1,144-44＝？,100,90,91,99
1,166-3＝？,163,153,154,162
1,162-10＝？,152,142,143,151
1,555-30＝？,525,515,516,524
1,624＋14＝？,638,628,648,639
1,806＋63＝？,869,859,879,870
1,358-26＝？,332,322,323,331
1,477-35＝？,442,432,433,441
1,500＋27＝？,527,517,537,528
1,154-4＝？,150,140,141,149
1,916＋60＝？,976,966,986,977
1,424＋22＝？,446,436,456,447
1,666-26＝？,640,630,631,639
1,126＋33＝？,159,149,169,160
1,562＋17＝？,579,569,589,580
1,661＋27＝？,688,678,698,689
1,716＋72＝？,788,778,798,789
1,899-94＝？,805,795,796,804
1,401＋90＝？,491,481,501,492
1,227＋62＝？,289,279,299,290
1,211＋58＝？,269,259,279,270
1,184-52＝？,132,122,123,131
1,279-12＝？,267,257,258,266
1,123＋34＝？,157,147,167,158
1,100＋9＝？,109,99,119,110
1,789-56＝？,733,723,724,732
1,434＋31＝？,465,455,475,466
1,110＋11＝？,121,111,131,122
1,930＋35＝？,965,955,975,966
1,381＋18＝？,399,389,409,400
1,353＋46＝？,399,389,409,400
1,813＋31＝？,844,834,854,845
1,797-52＝？,745,735,736,744
1,879-14＝？,865,855,856,864
1,557-54＝？,503,493,494,502
1,830＋56＝？,886,876,896,887
1,468-66＝？,402,392,393,401
1,194-41＝？,153,143,144,152
1,958-13＝？,945,935,936,944
1,112＋31＝？,173,163,183,174
1,592-71＝？,521,511,512,520
1,102＋51＝？,153,143,163,154
1,710＋76＝？,786,776,796,787
1,303＋54＝？,357,347,367,358
1,298-82＝？,216,206,207,215
1,174-10＝？,164,154,155,163
1,489-35＝？,454,444,445,453
1,158-42＝？,116,106,107,115
1,974-60＝？,914,904,905,913
1,469-70＝？,399,389,390,398
1,518＋61＝？,579,569,589,580
1,191-31＝？,160,150,151,159
1,556-35＝？,521,511,512,520
1,716＋23＝？,739,729,749,740
1,658-37＝？,621,611,612,620
1,558-24＝？,534,524,525,533
1,735＋20＝？,755,745,765,756
1,697-50＝？,647,637,638,646
1,397-51＝？,346,336,337,345
1,783-23＝？,760,750,751,759
1,596-36＝？,560,550,551,559
1,616-10＝？,606,596,597,605
1,379-76＝？,303,293,294,302
1,249-40＝？,209,199,200,208
1,134-13＝？,121,111,112,120
1,197＋0＝？,197,187,207,198
1,614＋63＝？,677,667,687,678
1,563＋3＝？,566,556,576,567
1,450＋20＝？,470,460,480,471
1,681＋5＝？,686,676,696,687
1,566-64＝？,502,492,493,501
1,803＋72＝？,875,865,885,876
1,690＋0＝？,690,680,700,691
1,228＋10＝？,238,228,248,239
1,269-2＝？,267,257,258,266
1,843＋11＝？,854,844,864,855
1,753＋24＝？,777,767,787,778
1,103＋85＝？,188,178,198,189
1,557-15＝？,542,532,533,541
1,212-2＝？,210,200,201,209
1,289-47＝？,242,232,233,241
1,530＋35＝？,565,555,575,566
1,258-41＝？,217,207,208,216
1,366＋21＝？,387,377,397,388
1,774-11＝？,763,753,754,762
1,368-18＝？,350,340,341,349
1,976＋13＝？,989,979,999,990
1,661-1＝？,660,650,651,659
1,905＋34＝？,939,929,949,940
1,589-42＝？,547,537,538,546
1,864＋0＝？,864,854,874,865
1,101＋92＝？,193,183,203,194
1,911＋51＝？,962,952,972,963
1,390＋6＝？,396,386,406,397
1,958-45＝？,913,903,904,912
1,524＋15＝？,539,529,549,540
1,478-31＝？,447,437,438,446
1,609＋30＝？,639,629,649,640
1,611＋20＝？,631,621,641,632
1,741＋46＝？,787,777,797,788
1,169-76＝？,93,83,84,92
1,168-13＝？,155,145,146,154
1,385-2＝？,383,373,374,382
1,583-11＝？,572,562,563,571
1,316＋51＝？,367,357,377,368
1,682-70＝？,612,602,603,611
1,208＋60＝？,268,258,278,269
1,501＋32＝？,533,523,543,534
1,339-0＝？,339,329,330,338
1,764-33＝？,731,721,722,730
1,591＋2＝？,593,583,603,594
1,511＋48＝？,559,549,569,560
1,452-11＝？,441,431,432,440
1,283-52＝？,231,221,222,230
1,667-14＝？,653,643,644,652
1,864＋2＝？,866,856,876,867
1,107＋2＝？,109,99,119,110
1,338-27＝？,311,301,302,310
1,666-23＝？,643,633,634,642
1,601＋27＝？,628,618,638,629
1,413＋73＝？,486,476,496,487
1,511＋1＝？,512,502,522,513
1,523＋40＝？,563,553,573,564
1,665-45＝？,620,610,611,619
1,497-53＝？,444,434,435,443
1,115＋53＝？,198,188,208,199
1,518-12＝？,506,496,497,505
1,654-44＝？,610,600,601,609
1,320＋31＝？,351,341,361,352
1,152＋31＝？,183,173,193,184
1,580-0＝？,580,570,571,579
1,699-79＝？,620,610,611,619
1,475-3＝？,472,462,463,471
1,474-60＝？,414,404,405,413
1,586-11＝？,575,565,566,574
1,897-35＝？,862,852,853,861
1,443-11＝？,432,422,423,431
1,949-42＝？,907,897,898,906
1,474-0＝？,474,464,465,473
1,666-42＝？,624,614,615,623
1,256＋30＝？,286,276,296,287
1,673-20＝？,653,643,644,652
1,672＋6＝？,678,668,688,679
1,401＋47＝？,448,438,458,449
1,547＋11＝？,558,548,568,559
1,538-38＝？,500,490,491,499
1,459-53＝？,406,396,397,405
1,861-51＝？,810,800,801,809
1,488-21＝？,467,457,458,466
1,613＋64＝？,677,667,687,678
1,140-10＝？,130,120,121,129
1,578-23＝？,555,545,546,554
1,212＋51＝？,263,253,273,264
1,640＋16＝？,656,646,666,657
1,313＋61＝？,374,364,384,375
1,889-25＝？,864,854,855,863
1,320＋26＝？,346,336,356,347
1,892＋1＝？,893,883,903,894
1,121＋60＝？,181,171,191,182
1,171-71＝？,100,90,91,99
1,582＋1＝？,583,573,593,584
1,977＋10＝？,987,977,997,988
1,529＋0＝？,529,519,539,530
1,493-11＝？,482,472,473,481
1,244-20＝？,224,214,215,223
1,423＋50＝？,473,463,483,474
1,969-33＝？,936,926,927,935
1,753＋43＝？,796,786,806,797
1,452＋25＝？,477,467,487,478
1,441＋36＝？,477,467,487,478
1,712＋36＝？,748,738,758,749
1,557-1＝？,556,546,547,555
1,201＋65＝？,266,256,276,267
1,155-20＝？,135,125,126,134
1,769-94＝？,675,665,666,674
1,337＋11＝？,348,338,358,349
1,404＋20＝？,424,414,434,425
1,356＋32＝？,388,378,398,389
1,425＋62＝？,487,477,497,488
1,820＋5＝？,825,815,835,826
1,692-81＝？,611,601,602,610
1,396-26＝？,370,360,361,369
1,597-43＝？,554,544,545,553
1,318＋40＝？,358,348,368,359
1,878＋11＝？,889,879,899,890
1,303＋72＝？,375,365,385,376
1,266-50＝？,216,206,207,215
1,435-15＝？,420,410,411,419
1,885-30＝？,855,845,846,854
1,958-1＝？,957,947,948,956
1,959-19＝？,940,930,931,939
1,752＋20＝？,772,762,782,773
1,685＋10＝？,695,685,705,696
1,905＋14＝？,919,909,929,920
1,198-16＝？,182,172,173,181
1,498-7＝？,491,481,482,490
1,115-2＝？,113,103,104,112
1,730-20＝？,710,700,701,709
1,379-59＝？,320,310,311,319
1,198-30＝？,168,158,159,167
1,650＋49＝？,699,689,709,700
1,477-27＝？,450,440,441,449
1,548-30＝？,518,508,509,517
1,320＋12＝？,332,322,342,333
1,914＋15＝？,929,919,939,930
1,362-52＝？,310,300,301,309
1,787-14＝？,773,763,764,772
1,382-82＝？,300,290,291,299
1,678＋1＝？,679,669,689,680
1,812＋67＝？,879,869,889,880
1,937-15＝？,922,912,913,921
1,860＋13＝？,873,863,883,874
1,789-48＝？,741,731,732,740
1,643＋22＝？,665,655,675,666
1,827＋61＝？,888,878,898,889
1,441＋0＝？,441,431,451,442
2,324＋19＝？,343,333,353,344
2,282-96＝？,186,176,177,185
2,714-83＝？,631,621,622,630
2,366-17＝？,349,339,340,348
2,932-9＝？,923,913,914,922
2,443-89＝？,354,344,345,353
2,513-45＝？,468,458,459,467
2,858＋39＝？,897,887,907,898
2,249＋77＝？,326,316,336,327
2,117＋56＝？,203,193,213,204
2,768＋85＝？,853,843,863,854
2,879＋5＝？,884,874,894,885
2,690＋13＝？,703,693,713,704
2,304-94＝？,210,200,201,209
2,674＋32＝？,706,696,716,707
2,743-55＝？,688,678,679,687
2,401-12＝？,389,379,380,388
2,336-99＝？,237,227,228,236
2,192-83＝？,109,99,100,108
2,181-9＝？,172,162,163,171
2,122-50＝？,72,62,63,71
2,447-89＝？,358,348,349,357
2,461＋88＝？,549,539,559,550
2,887＋37＝？,924,914,934,925
2,934-50＝？,884,874,875,883
2,137-62＝？,75,65,66,74
2,431-52＝？,379,369,370,378
2,715-28＝？,687,677,678,686
2,705-26＝？,679,669,670,678
2,582-97＝？,485,475,476,484
2,681＋76＝？,757,747,767,758
2,137＋77＝？,214,204,224,215
2,858-91＝？,767,757,758,766
2,880＋29＝？,909,899,919,910
2,668＋85＝？,753,743,763,754
2,908-15＝？,893,883,884,892
2,387＋74＝？,461,451,471,462
2,636-38＝？,598,588,589,597
2,468＋15＝？,483,473,493,484
2,369＋47＝？,416,406,426,417
2,431-23＝？,408,398,399,407
2,755＋75＝？,830,820,840,831
2,830-5＝？,825,815,816,824
2,152＋52＝？,204,194,214,205
2,134＋27＝？,161,151,171,162
2,624-51＝？,573,563,564,572
2,170＋77＝？,247,237,257,248
2,868-99＝？,769,759,760,768
2,126-59＝？,67,57,58,66
2,514-60＝？,454,444,445,453
2,287＋52＝？,339,329,349,340
2,919-36＝？,883,873,874,882
2,502-3＝？,499,489,490,498
2,304-53＝？,251,241,242,250
2,840-19＝？,821,811,812,820
2,429＋83＝？,512,502,522,513
2,478＋56＝？,534,524,544,535
2,594-45＝？,549,539,540,548
2,278＋33＝？,311,301,321,312
2,331-12＝？,319,309,310,318
2,522＋99＝？,621,611,631,622
2,318-48＝？,270,260,261,269
2,383＋62＝？,445,435,455,446
2,901-31＝？,870,860,861,869
2,800-35＝？,765,755,756,764
2,662＋82＝？,744,734,754,745
2,319-39＝？,280,270,271,279
2,436-8＝？,428,418,419,427
2,393＋49＝？,442,432,452,443
2,433-26＝？,407,397,398,406
2,113-7＝？,106,96,97,105
2,743-78＝？,665,655,656,664
2,559-71＝？,488,478,479,487
2,548＋91＝？,639,629,649,640
2,913-95＝？,818,808,809,817
2,709-86＝？,623,613,614,622
2,260＋77＝？,337,327,347,338
2,736-75＝？,661,651,652,660
2,179＋3＝？,182,172,192,183
2,116＋78＝？,224,214,234,225
2,583-19＝？,564,554,555,563
2,524-78＝？,446,436,437,445
2,393＋44＝？,437,427,447,438
2,855＋53＝？,908,898,918,909
2,877-28＝？,849,839,840,848
2,704-98＝？,606,596,597,605
2,506＋29＝？,535,525,545,536
2,288＋52＝？,340,330,350,341
2,861-74＝？,787,777,778,786
2,387＋47＝？,434,424,444,435
2,194-67＝？,127,117,118,126
2,560＋91＝？,651,641,661,652
2,561-6＝？,555,545,546,554
2,651-36＝？,615,605,606,614
2,902-88＝？,814,804,805,813
2,345＋88＝？,433,423,443,434
2,682＋36＝？,718,708,728,719
2,141-75＝？,66,56,57,65
2,582＋26＝？,608,598,618,609
2,591-2＝？,589,579,580,588
2,226＋96＝？,322,312,332,323
2,246-91＝？,155,145,146,154
2,955-63＝？,892,882,883,891
2,232＋93＝？,325,315,335,326
2,607-46＝？,561,551,552,560
2,714-80＝？,634,624,625,633
2,350-80＝？,270,260,261,269
2,349＋91＝？,440,430,450,441
2,631-62＝？,569,559,560,568
2,366＋80＝？,446,436,456,447
2,456＋17＝？,473,463,483,474
2,573＋28＝？,601,591,611,602
2,315-58＝？,257,247,248,256
2,378＋63＝？,441,431,451,442
2,163-88＝？,75,65,66,74
2,210-43＝？,167,157,158,166
2,769＋82＝？,851,841,861,852
2,694＋73＝？,767,757,777,768
2,888＋98＝？,986,976,996,987
2,872＋83＝？,955,945,965,956
2,815＋29＝？,844,834,854,845
2,214-45＝？,169,159,160,168
2,192＋38＝？,230,220,240,231
2,860＋49＝？,909,899,919,910
2,894-58＝？,836,826,827,835
2,748＋43＝？,791,781,801,792
2,586＋63＝？,649,639,659,650
2,663-94＝？,569,559,560,568
2,299＋69＝？,368,358,378,369
2,435-68＝？,367,357,358,366
2,907-85＝？,822,812,813,821
2,432-37＝？,395,385,386,394
2,606-24＝？,582,572,573,581
2,780＋75＝？,855,845,865,856
2,335-51＝？,284,274,275,283
2,373＋64＝？,437,427,447,438
2,730-37＝？,693,683,684,692
2,119-72＝？,47,37,38,46
2,265-86＝？,179,169,170,178
2,757＋87＝？,844,834,854,845
2,476＋93＝？,569,559,579,570
2,477-59＝？,418,408,409,417
2,155＋70＝？,225,215,235,226
2,838＋73＝？,911,901,921,912
2,808＋85＝？,893,883,903,894
2,505-90＝？,415,405,406,414
2,880-14＝？,866,856,857,865
2,152＋9＝？,161,151,171,162
2,365-78＝？,287,277,278,286
2,113＋88＝？,231,221,241,232
2,664＋75＝？,739,729,749,740
2,494-9＝？,485,475,476,484
2,721-19＝？,702,692,693,701
2,582-98＝？,484,474,475,483
2,178＋28＝？,206,196,216,207
2,369＋4＝？,373,363,383,374
2,649-61＝？,588,578,579,587
2,588-98＝？,490,480,481,489
2,728-54＝？,674,664,665,673
2,182-92＝？,90,80,81,89
2,710-47＝？,663,653,654,662
2,147-96＝？,51,41,42,50
2,175＋34＝？,209,199,219,210
2,397＋35＝？,432,422,442,433
2,609-85＝？,524,514,515,523
2,410＋96＝？,506,496,516,507
2,379＋92＝？,471,461,481,472
2,843＋18＝？,861,851,871,862
2,523＋83＝？,606,596,616,607
2,156-64＝？,92,82,83,91
2,119＋75＝？,224,214,234,225
2,118＋96＝？,244,234,254,245
2,360＋98＝？,458,448,468,459
2,899＋19＝？,918,908,928,919
2,837＋84＝？,921,911,931,922
2,454＋72＝？,526,516,536,527
2,567-19＝？,548,538,539,547
2,146-17＝？,129,119,120,128
2,449＋5＝？,454,444,464,455
2,103-19＝？,84,74,75,83
2,737-48＝？,689,679,680,688
2,464-66＝？,398,388,389,397
2,772＋62＝？,834,824,844,835
2,766＋94＝？,860,850,870,861
2,310-82＝？,228,218,219,227
2,342＋68＝？,410,400,420,411
2,660＋54＝？,714,704,724,715
2,128＋48＝？,176,166,186,177
2,303-60＝？,243,233,234,242
2,511-25＝？,486,476,477,485
2,584＋83＝？,667,657,677,668
2,489＋81＝？,570,560,580,571
2,827＋19＝？,846,836,856,847
2,116-86＝？,30,20,21,29
2,744-69＝？,675,665,666,674
2,167＋59＝？,226,216,236,227
2,656-65＝？,591,581,582,590
2,847＋85＝？,932,922,942,933
2,476＋8＝？,484,474,494,485
2,364＋16＝？,380,370,390,381
2,235-81＝？,154,144,145,153
2,660-7＝？,653,643,644,652
2,887＋80＝？,967,957,977,968
2,414-57＝？,357,347,348,356
2,629＋92＝？,721,711,731,722
2,466＋37＝？,503,493,513,504
2,965-99＝？,866,856,857,865
2,982-58＝？,924,914,915,923
2,897＋15＝？,912,902,922,913
2,407＋3＝？,410,400,420,411
2,409＋3＝？,412,402,422,413
2,583-98＝？,485,475,476,484
2,686-7＝？,679,669,670,678
2,811＋95＝？,906,896,916,907
2,957-82＝？,875,865,866,874
2,794＋39＝？,833,823,843,834
2,276-81＝？,195,185,186,194
2,327＋88＝？,415,405,425,416
2,259＋14＝？,273,263,283,274
2,847＋97＝？,944,934,954,945
2,769＋3＝？,772,762,782,773
2,390＋41＝？,431,421,441,432
2,983-18＝？,965,955,956,964
2,527-79＝？,448,438,439,447
2,628-93＝？,535,525,526,534
2,512＋48＝？,560,550,570,561
2,607＋99＝？,706,696,716,707
2,286＋56＝？,342,332,352,343
2,424-52＝？,372,362,363,371
2,404-11＝？,393,383,384,392
2,235-69＝？,166,156,157,165
2,640＋69＝？,709,699,719,710
2,169＋65＝？,234,224,244,235
2,735＋97＝？,832,822,842,833
2,179-94＝？,85,75,76,84
2,194＋76＝？,270,260,280,271
2,312＋89＝？,401,391,411,402
2,417＋45＝？,462,452,472,463
2,161＋95＝？,256,246,266,257
2,659-94＝？,565,555,556,564
2,917-55＝？,862,852,853,861
2,884-7＝？,877,867,868,876
2,648-77＝？,571,561,562,570
2,364＋74＝？,438,428,448,439
2,543-5＝？,538,528,529,537
2,356＋95＝？,451,441,461,452
2,715-53＝？,662,652,653,661
2,462-76＝？,386,376,377,385
2,271-57＝？,214,204,205,213
2,883＋26＝？,909,899,919,910
2,361-38＝？,323,313,314,322
2,818＋84＝？,902,892,912,903
2,627-92＝？,535,525,526,534
2,468＋69＝？,537,527,547,538
2,144-80＝？,64,54,55,63
2,741-85＝？,656,646,647,655
2,563＋81＝？,644,634,654,645
2,746-75＝？,671,661,662,670
2,792-74＝？,718,708,709,717
2,515-7＝？,508,498,499,507
2,525-62＝？,463,453,454,462
2,837＋56＝？,893,883,903,894
2,894-78＝？,816,806,807,815
2,315-49＝？,266,256,257,265
2,474＋59＝？,533,523,543,534
2,792＋86＝？,878,868,888,879
2,500-81＝？,419,409,410,418
2,709＋56＝？,765,755,775,766
2,358-98＝？,260,250,251,259
2,521-71＝？,450,440,441,449
2,882＋49＝？,931,921,941,932
2,281＋65＝？,346,336,356,347
2,462＋60＝？,522,512,532,523
2,592＋11＝？,603,593,613,604
2,916-55＝？,861,851,852,860
2,485-28＝？,457,447,448,456
2,745＋5＝？,750,740,760,751
2,213-66＝？,147,137,138,146
2,572-99＝？,473,463,464,472
2,342-81＝？,261,251,252,260
2,315＋49＝？,364,354,374,365
2,956＋27＝？,983,973,993,984
2,927＋13＝？,940,930,950,941
2,913-87＝？,826,816,817,825
2,805＋16＝？,821,811,831,822
2,233＋88＝？,321,311,331,322
2,206-30＝？,176,166,167,175
2,175-92＝？,83,73,74,82
2,403＋49＝？,452,442,462,453
2,272＋9＝？,281,271,291,282
2,598＋21＝？,619,609,629,620
2,102-25＝？,77,67,68,76
2,151-75＝？,76,66,67,75
2,744＋17＝？,761,751,771,762
2,468＋59＝？,527,517,537,528
2,329＋63＝？,392,382,402,393
2,853-98＝？,755,745,746,754
2,912＋28＝？,940,930,950,941
2,937-94＝？,843,833,834,842
2,211＋69＝？,280,270,290,281
2,867＋52＝？,919,909,929,920
2,174-99＝？,75,65,66,74
2,707-53＝？,654,644,645,653
2,190-78＝？,112,102,103,111
2,931-83＝？,848,838,839,847
2,954-26＝？,928,918,919,927
2,693＋22＝？,715,705,725,716
2,361＋69＝？,430,420,440,431
2,381-23＝？,358,348,349,357
2,473＋93＝？,566,556,576,567
2,607-62＝？,545,535,536,544
2,837＋33＝？,870,860,880,871
2,519-95＝？,424,414,415,423
2,647-19＝？,628,618,619,627
2,473-35＝？,438,428,429,437
2,681＋63＝？,744,734,754,745
2,697＋43＝？,740,730,750,741
2,881＋89＝？,970,960,980,971
2,936-52＝？,884,874,875,883
2,484＋26＝？,510,500,520,511
2,342-9＝？,333,323,324,332
2,912-96＝？,816,806,807,815
2,793＋25＝？,818,808,828,819
2,112＋87＝？,229,219,239,230
2,782-4＝？,778,768,769,777
2,501-38＝？,463,453,454,462
2,406＋85＝？,491,481,501,492
2,813-68＝？,745,735,736,744
2,949＋4＝？,953,943,963,954
2,590-41＝？,549,539,540,548
2,503-5＝？,498,488,489,497
2,731＋88＝？,819,809,829,820
2,756＋74＝？,830,820,840,831
2,222-51＝？,171,161,162,170
2,299＋30＝？,329,319,339,330
2,617-96＝？,521,511,512,520
2,203-80＝？,123,113,114,122
2,874＋6＝？,880,870,890,881
2,361-44＝？,317,307,308,316
2,482＋76＝？,558,548,568,559
2,619＋37＝？,656,646,666,657
2,754＋8＝？,762,752,772,763
2,215＋67＝？,282,272,292,283
2,268＋23＝？,291,281,301,292
2,228＋81＝？,309,299,319,310
2,118＋83＝？,201,191,211,202
2,551-64＝？,487,477,478,486
2,555-76＝？,479,469,470,478
2,692＋95＝？,787,777,797,788
2,261＋57＝？,318,308,328,319
2,654＋71＝？,725,715,735,726
2,592-17＝？,575,565,566,574
2,238＋99＝？,337,327,347,338
2,548＋60＝？,608,598,618,609
2,612-79＝？,533,523,524,532
2,516-27＝？,489,479,480,488
2,439＋61＝？,500,490,510,501
2,935-58＝？,877,867,868,876
2,234-91＝？,143,133,134,142
2,483-67＝？,416,406,407,415
2,342-33＝？,309,299,300,308
2,264＋92＝？,356,346,366,357
2,180-8＝？,172,162,163,171
2,253＋38＝？,291,281,301,292
2,331-80＝？,251,241,242,250
2,856-62＝？,794,784,785,793
2,139-69＝？,70,60,61,69
2,302-27＝？,275,265,266,274
2,172-92＝？,80,70,71,79
2,884-92＝？,792,782,783,791
2,725＋47＝？,772,762,782,773
2,151-42＝？,109,99,100,108
2,562-39＝？,523,513,514,522
2,513＋98＝？,611,601,621,612
2,599＋46＝？,645,635,655,646
2,366＋87＝？,453,443,463,454
2,277＋50＝？,327,317,337,328
2,161-85＝？,76,66,67,75
2,527＋92＝？,619,609,629,620
2,699＋68＝？,767,757,777,768
2,151＋75＝？,226,216,236,227
2,803-63＝？,740,730,731,739
2,355＋59＝？,414,404,424,415
2,893-9＝？,884,874,875,883
2,933-90＝？,843,833,834,842
2,292-66＝？,226,216,217,225
2,629-56＝？,573,563,564,572
2,933＋17＝？,950,940,960,951
2,407-97＝？,310,300,301,309
2,483-38＝？,445,435,436,444
2,715-86＝？,629,619,620,628
2,395＋64＝？,459,449,469,460
2,463＋48＝？,511,501,521,512
2,214-99＝？,115,105,106,114
2,849＋87＝？,936,926,946,937
2,107-28＝？,79,69,70,78
2,190＋38＝？,228,218,238,229
2,883-47＝？,836,826,827,835
2,781-98＝？,683,673,674,682
2,551-70＝？,481,471,472,480
2,925-59＝？,866,856,857,865
2,239＋26＝？,265,255,275,266
2,825＋55＝？,880,870,890,881
2,350＋70＝？,420,410,430,421
2,753-60＝？,693,683,684,692
2,556＋6＝？,562,552,572,563
2,611-31＝？,580,570,571,579
2,552-69＝？,483,473,474,482
2,862＋84＝？,946,936,956,947
2,242-37＝？,205,195,196,204
2,981-8＝？,973,963,964,972
2,405＋65＝？,470,460,480,471
2,205＋95＝？,300,290,310,301
2,131-99＝？,32,22,23,31
2,437-71＝？,366,356,357,365
2,772＋28＝？,800,790,810,801
2,680-90＝？,590,580,581,589
2,609-30＝？,579,569,570,578
2,912-91＝？,821,811,812,820
2,900-11＝？,889,879,880,888
2,852＋77＝？,929,919,939,930
2,958-99＝？,859,849,850,858
2,757＋15＝？,772,762,782,773
2,895＋44＝？,939,929,949,940
2,103-61＝？,42,32,33,41
2,972-69＝？,903,893,894,902
2,481-16＝？,465,455,456,464
2,734-90＝？,644,634,635,643
2,294＋90＝？,384,374,394,385
2,919＋19＝？,938,928,948,939
2,125＋85＝？,210,200,220,211
2,796＋28＝？,824,814,834,825
2,325＋49＝？,374,364,384,375
2,893-4＝？,889,879,880,888
2,662＋52＝？,714,704,724,715
2,991-53＝？,938,928,929,937
2,991-45＝？,946,936,937,945
2,205＋88＝？,293,283,303,294
2,457＋36＝？,493,483,503,494
2,785＋7＝？,792,782,802,793
2,393-34＝？,359,349,350,358
2,688-97＝？,591,581,582,590
2,348＋37＝？,385,375,395,386
2,393-6＝？,387,377,378,386
2,371＋94＝？,465,455,475,466
2,854-93＝？,761,751,752,760
2,227-35＝？,192,182,183,191
2,600-71＝？,529,519,520,528
2,594＋84＝？,678,668,688,679
2,667-79＝？,588,578,579,587
2,196-47＝？,149,139,140,148
2,688＋15＝？,703,693,713,704
2,191-35＝？,156,146,147,155
2,971-95＝？,876,866,867,875
2,276＋79＝？,355,345,365,356
2,381-83＝？,298,288,289,297
2,676-67＝？,609,599,600,608
2,774＋66＝？,840,830,850,841
2,847＋34＝？,881,871,891,882
2,762＋65＝？,827,817,837,828
2,739＋63＝？,802,792,812,803
2,518＋17＝？,535,525,545,536
2,367＋70＝？,437,427,447,438
2,107-70＝？,37,27,28,36
2,373＋18＝？,391,381,401,392
2,207-50＝？,157,147,148,156
2,312-82＝？,230,220,221,229
2,172＋98＝？,270,260,280,271
2,358＋28＝？,386,376,396,387
2,431＋85＝？,516,506,526,517
2,660-98＝？,562,552,553,561
2,612＋89＝？,701,691,711,702
2,840-72＝？,768,758,759,767
2,718＋17＝？,735,725,745,736
2,943-69＝？,874,864,865,873
2,863-86＝？,777,767,768,776
2,516＋86＝？,602,592,612,603
2,467-68＝？,399,389,390,398
2,963-81＝？,882,872,873,881
2,731＋73＝？,804,794,814,805
2,150-65＝？,85,75,76,84
2,333-59＝？,274,264,265,273
2,406＋34＝？,440,430,450,441
2,176＋24＝？,200,190,210,201
2,412＋68＝？,480,470,490,481
2,253-45＝？,208,198,199,207
2,432-17＝？,415,405,406,414
2,307＋76＝？,383,373,393,384
2,839＋47＝？,886,876,896,887
2,670-61＝？,609,599,600,608
2,106-44＝？,62,52,53,61
2,604-23＝？,581,571,572,580
2,145-67＝？,78,68,69,77
2,590-27＝？,563,553,554,562
2,595-69＝？,526,516,517,525
2,575＋85＝？,660,650,670,661
2,842-37＝？,805,795,796,804
2,173-99＝？,74,64,65,73
2,321-45＝？,276,266,267,275
2,639-55＝？,584,574,575,583
2,191-79＝？,112,102,103,111
2,858＋79＝？,937,927,947,938
2,602＋58＝？,660,650,670,661
2,551＋73＝？,624,614,634,625
2,282＋23＝？,305,295,315,306
2,474-84＝？,390,380,381,389
2,627＋39＝？,666,656,676,667
2,335＋48＝？,383,373,393,384
2,339＋41＝？,380,370,390,381
2,725-71＝？,654,644,645,653
2,663＋72＝？,735,725,745,736
2,799＋17＝？,816,806,826,817
2,186＋21＝？,207,197,217,208
2,729＋82＝？,811,801,821,812
2,857＋36＝？,893,883,903,894
2,169＋11＝？,180,170,190,181
2,284＋69＝？,353,343,363,354
2,173-92＝？,81,71,72,80
2,480-63＝？,417,407,408,416
2,835-74＝？,761,751,752,760
2,112-29＝？,83,73,74,82
2,519-54＝？,465,455,456,464
2,202-23＝？,179,169,170,178
2,687＋37＝？,724,714,734,725
2,221-34＝？,187,177,178,186
2,286＋35＝？,321,311,331,322
2,306-94＝？,212,202,203,211
2,230-1＝？,229,219,220,228
2,734-61＝？,673,663,664,672
2,319-59＝？,260,250,251,259
2,714-84＝？,630,620,621,629
2,363-8＝？,355,345,346,354
2,581＋28＝？,609,599,619,610
2,981-58＝？,923,913,914,922
2,448-69＝？,379,369,370,378
2,481-7＝？,474,464,465,473
2,721-95＝？,626,616,617,625
2,806＋85＝？,891,881,901,892
2,724＋66＝？,790,780,800,791
2,290＋94＝？,384,374,394,385
2,312-80＝？,232,222,223,231
2,915-82＝？,833,823,824,832
2,794＋40＝？,834,824,844,835
2,681-15＝？,666,656,657,665
2,856-67＝？,789,779,780,788
2,962-54＝？,908,898,899,907
2,842＋83＝？,925,915,935,926
2,558＋57＝？,615,605,625,616
2,829＋92＝？,921,911,931,922
2,276＋71＝？,347,337,357,348
2,252＋99＝？,351,341,361,352
2,463-5＝？,458,448,449,457
2,740＋65＝？,805,795,815,806
2,507＋4＝？,511,501,521,512
2,395＋97＝？,492,482,502,493
2,792-19＝？,773,763,764,772
2,685＋92＝？,777,767,787,778
2,902-63＝？,839,829,830,838
2,428-89＝？,339,329,330,338
2,956-89＝？,867,857,858,866
2,262-58＝？,204,194,195,203
2,870＋37＝？,907,897,917,908
2,844＋38＝？,882,872,892,883
2,705＋55＝？,760,750,770,761
2,500-2＝？,498,488,489,497
2,814-59＝？,755,745,746,754
2,191＋9＝？,200,190,210,201
2,854＋69＝？,923,913,933,924
2,308-59＝？,249,239,240,248
2,531＋87＝？,618,608,628,619
2,270＋94＝？,364,354,374,365
2,316＋5＝？,321,311,331,322
2,148-67＝？,81,71,72,80
2,481＋83＝？,564,554,574,565
2,214-58＝？,156,146,147,155
2,883＋22＝？,905,895,915,906
2,804-10＝？,794,784,785,793
2,852-62＝？,790,780,781,789
2,850-80＝？,770,760,761,769
2,595＋95＝？,690,680,700,691
2,200-72＝？,128,118,119,127
2,224＋66＝？,290,280,300,291
2,191＋73＝？,264,254,274,265
2,211-44＝？,167,157,158,166
2,656-49＝？,607,597,598,606
2,743＋93＝？,836,826,846,837
2,310＋91＝？,401,391,411,402
2,853-28＝？,825,815,816,824
2,518-57＝？,461,451,452,460
2,344＋8＝？,352,342,362,353
2,733-98＝？,635,625,626,634
2,315-76＝？,239,229,230,238
2,563＋48＝？,611,601,621,612
2,311-27＝？,284,274,275,283
2,344-19＝？,325,315,316,324
2,341-6＝？,335,325,326,334
2,800-33＝？,767,757,758,766
2,168-86＝？,82,72,73,81
2,704-55＝？,649,639,640,648
2,131-65＝？,66,56,57,65
2,717＋67＝？,784,774,794,785
2,583-67＝？,516,506,507,515
2,477-83＝？,394,384,385,393
2,909＋78＝？,987,977,997,988
2,267＋58＝？,325,315,335,326
2,246-54＝？,192,182,183,191
2,156-9＝？,147,137,138,146
2,990-49＝？,941,931,932,940
2,615-64＝？,551,541,542,550
2,394-79＝？,315,305,306,314
2,652-66＝？,586,576,577,585
2,577＋74＝？,651,641,661,652
2,249＋99＝？,348,338,358,349
2,315-60＝？,255,245,246,254
2,826＋56＝？,882,872,892,883
2,439-86＝？,353,343,344,352
2,689-98＝？,591,581,582,590
2,212-58＝？,154,144,145,153
2,655-17＝？,638,628,629,637
2,606-75＝？,531,521,522,530
2,528＋49＝？,577,567,587,578
2,948-88＝？,860,850,851,859
2,856＋88＝？,944,934,954,945
2,319＋28＝？,347,337,357,348
2,373-93＝？,280,270,271,279
2,849＋92＝？,941,931,951,942
2,271-78＝？,193,183,184,192
2,651-67＝？,584,574,575,583
2,555＋92＝？,647,637,657,648
2,481＋57＝？,538,528,548,539
2,718-91＝？,627,617,618,626
2,959-81＝？,878,868,869,877
2,418＋75＝？,493,483,503,494
2,435＋37＝？,472,462,482,473
2,175-18＝？,157,147,148,156
2,227＋16＝？,243,233,253,244
2,622-48＝？,574,564,565,573
2,592-38＝？,554,544,545,553
2,640-19＝？,621,611,612,620
2,547＋45＝？,592,582,602,593
2,593＋45＝？,638,628,648,639
2,666＋44＝？,710,700,720,711
2,429＋76＝？,505,495,515,506
2,201-89＝？,112,102,103,111
2,333-16＝？,317,307,308,316
2,565＋89＝？,654,644,664,655
2,241＋65＝？,306,296,316,307
2,342＋69＝？,411,401,421,412
2,325-87＝？,238,228,229,237
2,982-26＝？,956,946,947,955
2,864-75＝？,789,779,780,788
2,933＋49＝？,982,972,992,983
2,363＋50＝？,413,403,423,414
2,152＋64＝？,216,206,226,217
2,355＋87＝？,442,432,452,443
2,735＋8＝？,743,733,753,744
2,440＋61＝？,501,491,511,502
2,691-37＝？,654,644,645,653
2,361-32＝？,329,319,320,328
2,973-29＝？,944,934,935,943
2,814-64＝？,750,740,741,749
2,683＋28＝？,711,701,721,712
2,657-48＝？,609,599,600,608
2,789＋7＝？,796,786,806,797
2,384＋21＝？,405,395,415,406
2,304-55＝？,249,239,240,248
2,996-87＝？,909,899,900,908
2,517-86＝？,431,421,422,430
2,873＋28＝？,901,891,911,902
2,139＋75＝？,214,204,224,215
2,418＋8＝？,426,416,436,427
2,891-25＝？,866,856,857,865
2,465＋18＝？,483,473,493,484
2,885-57＝？,828,818,819,827
2,274＋41＝？,315,305,325,316
2,315-61＝？,254,244,245,253
2,441-69＝？,372,362,363,371
2,457-72＝？,385,375,376,384
2,121＋89＝？,210,200,220,211
2,908-33＝？,875,865,866,874
2,428-48＝？,380,370,371,379
2,752＋28＝？,780,770,790,781
2,130-31＝？,99,89,90,98
2,747＋53＝？,800,790,810,801
2,970-82＝？,888,878,879,887
2,235＋29＝？,264,254,274,265
2,461＋50＝？,511,501,521,512
2,488＋58＝？,546,536,556,547
2,828＋64＝？,892,882,902,893
2,624-48＝？,576,566,567,575
2,480-79＝？,401,391,392,400
2,337＋8＝？,345,335,355,346
2,959-76＝？,883,873,874,882
2,611-57＝？,554,544,545,553
2,974-78＝？,896,886,887,895
2,719＋68＝？,787,777,797,788
2,448＋87＝？,535,525,545,536
2,222＋79＝？,301,291,311,302
2,176-57＝？,119,109,110,118
2,995-46＝？,949,939,940,948
2,825-51＝？,774,764,765,773
2,163＋40＝？,203,193,213,204
2,743＋80＝？,823,813,833,824
2,206-34＝？,172,162,163,171
2,666＋68＝？,734,724,744,735
2,566-80＝？,486,476,477,485
2,494＋63＝？,557,547,567,558
2,676＋46＝？,722,712,732,723
2,535＋83＝？,618,608,628,619
2,518＋86＝？,604,594,614,605
2,653＋57＝？,710,700,720,711
2,536-90＝？,446,436,437,445
2,729＋9＝？,738,728,748,739
2,354-17＝？,337,327,328,336
2,692＋54＝？,746,736,756,747
2,758-87＝？,671,661,662,670
2,742-93＝？,649,639,640,648
2,742＋85＝？,827,817,837,828
2,558＋99＝？,657,647,667,658
2,486＋40＝？,526,516,536,527
2,451-16＝？,435,425,426,434
2,532-50＝？,482,472,473,481
2,431-44＝？,387,377,378,386
2,259＋68＝？,327,317,337,328
2,881＋56＝？,937,927,947,938
2,111-96＝？,15,5,6,14
2,253-99＝？,154,144,145,153
2,758＋69＝？,827,817,837,828
2,132-7＝？,125,115,116,124
2,586＋87＝？,673,663,683,674
2,298＋18＝？,316,306,326,317
2,799＋9＝？,808,798,818,809
2,234-37＝？,197,187,188,196
2,640-13＝？,627,617,618,626
2,561-5＝？,556,546,547,555
2,769＋33＝？,802,792,812,803
2,322＋82＝？,404,394,414,405
2,153＋18＝？,171,161,181,172
2,166＋54＝？,220,210,230,221
2,500-69＝？,431,421,422,430
2,858＋75＝？,933,923,943,934
2,605-68＝？,537,527,528,536
2,869＋22＝？,891,881,901,892
2,855＋56＝？,911,901,921,912
2,825-42＝？,783,773,774,782
2,928＋35＝？,963,953,973,964
2,286-95＝？,191,181,182,190
2,223-16＝？,207,197,198,206
2,632-50＝？,582,572,573,581
2,571-38＝？,533,523,524,532
2,532＋99＝？,631,621,641,632
2,467＋81＝？,548,538,558,549
2,814＋46＝？,860,850,870,861
2,426-40＝？,386,376,377,385
2,843-79＝？,764,754,755,763
2,238＋56＝？,294,284,304,295
2,682＋54＝？,736,726,746,737
2,562-77＝？,485,475,476,484
2,643-49＝？,594,584,585,593
2,451＋88＝？,539,529,549,540
2,203-86＝？,117,107,108,116
2,337＋77＝？,414,404,424,415
2,755-36＝？,719,709,710,718
2,162-17＝？,145,135,136,144
2,347-97＝？,250,240,241,249
2,239-51＝？,188,178,179,187
2,856-38＝？,818,808,809,817
2,307＋66＝？,373,363,383,374
2,194-65＝？,129,119,120,128
2,815＋35＝？,850,840,860,851
2,713-54＝？,659,649,650,658
2,516＋79＝？,595,585,605,596
2,118＋17＝？,165,155,175,166
2,364＋80＝？,444,434,454,445
2,285＋85＝？,370,360,380,371
2,570-97＝？,473,463,464,472
2,316＋35＝？,351,341,361,352
2,392＋92＝？,484,474,494,485
2,314＋57＝？,371,361,381,372
2,272＋37＝？,309,299,319,310
2,317-44＝？,273,263,264,272
2,526-53＝？,473,463,464,472
2,363-64＝？,299,289,290,298
2,535＋29＝？,564,554,574,565
2,158＋9＝？,167,157,177,168
2,267＋63＝？,330,320,340,331
2,200-92＝？,108,98,99,107
2,260＋95＝？,355,345,365,356
2,763＋97＝？,860,850,870,861
2,678-96＝？,582,572,573,581
2,376＋42＝？,418,408,428,419
2,650＋99＝？,749,739,759,750
2,471-35＝？,436,426,427,435
2,861-47＝？,814,804,805,813
2,880-24＝？,856,846,847,855
2,775＋94＝？,869,859,879,870
2,181＋39＝？,220,210,230,221
2,649＋69＝？,718,708,728,719
2,932＋28＝？,960,950,970,961
2,890＋52＝？,942,932,952,943
2,141-50＝？,91,81,82,90
2,239＋17＝？,256,246,266,257
2,243-93＝？,150,140,141,149
2,426-50＝？,376,366,367,375
2,902-29＝？,873,863,864,872
2,324-89＝？,235,225,226,234
2,967-75＝？,892,882,883,891
2,210-69＝？,141,131,132,140
2,110-25＝？,85,75,76,84
2,418-64＝？,354,344,345,353
2,193＋65＝？,258,248,268,259
2,224＋76＝？,300,290,310,301
2,481-6＝？,475,465,466,474
2,614＋46＝？,660,650,670,661
2,972-94＝？,878,868,869,877
2,448＋27＝？,475,465,485,476
2,366-8＝？,358,348,349,357
2,266-69＝？,197,187,188,196
2,857-86＝？,771,761,762,770
2,683-54＝？,629,619,620,628
2,398＋32＝？,430,420,440,431
2,705-93＝？,612,602,603,611
2,619＋5＝？,624,614,634,625
2,932-54＝？,878,868,869,877
2,347-70＝？,277,267,268,276
2,471-95＝？,376,366,367,375
2,193＋16＝？,209,199,219,210
2,456-92＝？,364,354,355,363
2,505-82＝？,423,413,414,422
2,291＋23＝？,314,304,324,315
2,131-78＝？,53,43,44,52
2,696＋79＝？,775,765,785,776
2,859＋14＝？,873,863,883,874
2,505-73＝？,432,422,423,431
2,280-72＝？,208,198,199,207
2,188＋72＝？,260,250,270,261
2,283-64＝？,219,209,210,218
2,831-32＝？,799,789,790,798
2,448＋13＝？,461,451,471,462
2,699＋54＝？,753,743,763,754
2,188-91＝？,97,87,88,96
2,212-94＝？,118,108,109,117
2,276-91＝？,185,175,176,184
2,360-47＝？,313,303,304,312
2,470＋45＝？,515,505,525,516
2,908＋3＝？,911,901,921,912
2,117＋14＝？,131,121,141,132
2,772-96＝？,676,666,667,675
2,439-45＝？,394,384,385,393
2,468-74＝？,394,384,385,393
2,853-46＝？,807,797,798,806
2,942-39＝？,903,893,894,902
2,153-82＝？,71,61,62,70
2,285＋65＝？,350,340,360,351
2,704＋49＝？,753,743,763,754
2,624-16＝？,608,598,599,607
2,703-20＝？,683,673,674,682
2,780-81＝？,699,689,690,698
2,282-17＝？,265,255,256,264
2,770＋65＝？,835,825,845,836
2,202-5＝？,197,187,188,196
2,918＋23＝？,941,931,951,942
2,647＋73＝？,720,710,730,721
2,779＋33＝？,812,802,822,813
2,132-58＝？,74,64,65,73
2,734＋80＝？,814,804,824,815
2,792-75＝？,717,707,708,716
2,594＋37＝？,631,621,641,632
2,220-21＝？,199,189,190,198
2,570-52＝？,518,508,509,517
2,337＋83＝？,420,410,430,421
2,309＋32＝？,341,331,351,342
2,559＋53＝？,612,602,622,613
2,442-56＝？,386,376,377,385
2,622＋95＝？,717,707,727,718
2,462-65＝？,397,387,388,396
2,696-9＝？,687,677,678,686
2,624＋18＝？,642,632,652,643
2,268＋64＝？,332,322,342,333
2,436-85＝？,351,341,342,350
2,921-78＝？,843,833,834,842
2,152-92＝？,60,50,51,59
2,466＋82＝？,548,538,558,549
2,801-55＝？,746,736,737,745
2,321-64＝？,257,247,248,256
2,789＋5＝？,794,784,804,795
2,727-33＝？,694,684,685,693
2,390＋57＝？,447,437,457,448
2,425-38＝？,387,377,378,386
2,396＋96＝？,492,482,502,493
2,600-42＝？,558,548,549,557
2,687＋71＝？,758,748,768,759
2,161＋42＝？,203,193,213,204
2,152-19＝？,133,123,124,132
2,173＋76＝？,249,239,259,250
2,443-52＝？,391,381,382,390
2,813-51＝？,762,752,753,761
2,410-33＝？,377,367,368,376
2,981-49＝？,932,922,923,931
2,609-73＝？,536,526,527,535
2,118＋42＝？,190,180,200,191
2,981-47＝？,934,924,925,933
2,233-15＝？,218,208,209,217
2,373-44＝？,329,319,320,328
2,433＋37＝？,470,460,480,471
2,423-34＝？,389,379,380,388
2,356＋69＝？,425,415,435,426
2,582＋21＝？,603,593,613,604
2,691-24＝？,667,657,658,666
2,995-47＝？,948,938,939,947
2,735-16＝？,719,709,710,718
2,431-87＝？,344,334,335,343
2,836-65＝？,771,761,762,770
2,747-39＝？,708,698,699,707
2,526-59＝？,467,457,458,466
2,754＋74＝？,828,818,838,829
2,172＋81＝？,253,243,263,254
2,211-5＝？,206,196,197,205
2,773-26＝？,747,737,738,746
2,356-59＝？,297,287,288,296
2,877-29＝？,848,838,839,847
2,492-29＝？,463,453,454,462
2,742-83＝？,659,649,650,658
2,213＋94＝？,307,297,317,308
2,159＋95＝？,254,244,264,255
2,619-36＝？,583,573,574,582
2,638-97＝？,541,531,532,540
2,683＋64＝？,747,737,757,748
2,742-60＝？,682,672,673,681
2,358＋88＝？,446,436,456,447
2,536-78＝？,458,448,449,457
2,968-81＝？,887,877,878,886
2,646＋48＝？,694,684,704,695
2,467＋99＝？,566,556,576,567
2,442＋76＝？,518,508,528,519
2,890-7＝？,883,873,874,882
2,310-80＝？,230,220,221,229
2,223-68＝？,155,145,146,154
2,477＋49＝？,526,516,536,527
2,193-19＝？,174,164,165,173
2,250＋94＝？,344,334,354,345
2,350-97＝？,253,243,244,252
2,235-66＝？,169,159,160,168
2,285＋16＝？,301,291,311,302
2,524＋18＝？,542,532,552,543
2,269＋35＝？,304,294,314,305
2,740-97＝？,643,633,634,642
2,930-95＝？,835,825,826,834
2,395-47＝？,348,338,339,347
2,511-62＝？,449,439,440,448
2,133＋94＝？,227,217,237,228
2,490＋80＝？,570,560,580,571
2,186＋31＝？,217,207,227,218
2,953-60＝？,893,883,884,892
2,443＋64＝？,507,497,517,508
2,299＋50＝？,349,339,359,350
2,726＋5＝？,731,721,741,732
2,964-48＝？,916,906,907,915
2,670＋64＝？,734,724,744,735
2,565-97＝？,468,458,459,467
2,673＋28＝？,701,691,711,702
2,478-29＝？,449,439,440,448
2,384-77＝？,307,297,298,306
2,427＋63＝？,490,480,500,491
2,946-54＝？,892,882,883,891
2,133＋85＝？,218,208,228,219
2,528-31＝？,497,487,488,496
2,557-61＝？,496,486,487,495
2,717＋98＝？,815,805,825,816
2,822-46＝？,776,766,767,775
2,774＋67＝？,841,831,851,842
2,681＋62＝？,743,733,753,744
2,430＋85＝？,515,505,525,516
2,882＋66＝？,948,938,958,949
2,684-47＝？,637,627,628,636
2,106-83＝？,23,13,14,22
2,563＋98＝？,661,651,671,662
2,826-80＝？,746,736,737,745
2,537-9＝？,528,518,519,527
2,249-92＝？,157,147,148,156
2,548＋15＝？,563,553,573,564
2,267＋44＝？,311,301,321,312
2,637＋97＝？,734,724,744,735
2,406-31＝？,375,365,366,374
2,150＋53＝？,203,193,213,204
2,528＋80＝？,608,598,618,609
2,250-45＝？,205,195,196,204
2,491-64＝？,427,417,418,426
2,218-30＝？,188,178,179,187
2,371-52＝？,319,309,310,318
2,794＋65＝？,859,849,869,860
2,503-16＝？,487,477,478,486
2,670-38＝？,632,622,623,631
2,561＋58＝？,619,609,629,620
2,340-26＝？,314,304,305,313
2,776＋70＝？,846,836,856,847
2,181-7＝？,174,164,165,173
2,326＋66＝？,392,382,402,393
2,359＋21＝？,380,370,390,381
2,476＋56＝？,532,522,542,533
3,100-□□＝0,100,90,110,99
3,100-□□＝1,99,89,109,98
3,100-□□＝2,98,88,108,97
3,100-□□＝3,97,87,107,96
3,100-□□＝4,96,86,106,95
3,100-□□＝5,95,85,105,94
3,100-□□＝6,94,84,104,93
3,100-□□＝7,93,83,103,92
3,100-□□＝8,92,82,102,91
3,100-□□＝9,91,81,101,90
3,100-□□＝10,90,80,100,89
3,100-□□＝11,89,79,99,88
3,100-□□＝12,88,78,98,87
3,100-□□＝13,87,77,97,86
3,100-□□＝14,86,76,96,85
3,100-□□＝15,85,75,95,84
3,100-□□＝16,84,74,94,83
3,100-□□＝17,83,73,93,82
3,100-□□＝18,82,72,92,81
3,100-□□＝19,81,71,91,80
3,100-□□＝20,80,70,90,79
3,100-□□＝21,79,69,89,78
3,100-□□＝22,78,68,88,77
3,100-□□＝23,77,67,87,76
3,100-□□＝24,76,66,86,75
3,100-□□＝25,75,65,85,74
3,100-□□＝26,74,64,84,73
3,100-□□＝27,73,63,83,72
3,100-□□＝28,72,62,82,71
3,100-□□＝29,71,61,81,70
3,100-□□＝30,70,60,80,69
3,100-□□＝31,69,59,79,68
3,100-□□＝32,68,58,78,67
3,100-□□＝33,67,57,77,66
3,100-□□＝34,66,56,76,65
3,100-□□＝35,65,55,75,64
3,100-□□＝36,64,54,74,63
3,100-□□＝37,63,53,73,62
3,100-□□＝38,62,52,72,61
3,100-□□＝39,61,51,71,60
3,100-□□＝40,60,50,70,59
3,100-□□＝41,59,49,69,58
3,100-□□＝42,58,48,68,57
3,100-□□＝43,57,47,67,56
3,100-□□＝44,56,46,66,55
3,100-□□＝45,55,45,65,54
3,100-□□＝46,54,44,64,53
3,100-□□＝47,53,43,63,52
3,100-□□＝48,52,42,62,51
3,100-□□＝49,51,41,61,50
3,100-□□＝50,50,40,60,49
3,100-□□＝51,49,39,59,48
3,100-□□＝52,48,38,58,47
3,100-□□＝53,47,37,57,46
3,100-□□＝54,46,36,56,45
3,100-□□＝55,45,35,55,44
3,100-□□＝56,44,34,54,43
3,100-□□＝57,43,33,53,42
3,100-□□＝58,42,32,52,41
3,100-□□＝59,41,31,51,40
3,100-□□＝60,40,30,50,39
3,100-□□＝61,39,29,49,38
3,100-□□＝62,38,28,48,37
3,100-□□＝63,37,27,47,36
3,100-□□＝64,36,26,46,35
3,100-□□＝65,35,25,45,34
3,100-□□＝66,34,24,44,33
3,100-□□＝67,33,23,43,32
3,100-□□＝68,32,22,42,31
3,100-□□＝69,31,21,41,30
3,100-□□＝70,30,20,40,29
3,100-□□＝71,29,19,39,28
3,100-□□＝72,28,18,38,27
3,100-□□＝73,27,17,37,26
3,100-□□＝74,26,16,36,25
3,100-□□＝75,25,15,35,24
3,100-□□＝76,24,14,34,23
3,100-□□＝77,23,13,33,22
3,100-□□＝78,22,12,32,21
3,100-□□＝79,21,11,31,20
3,100-□□＝80,20,10,30,19
3,100-□□＝81,19,9,29,18
3,100-□□＝82,18,8,28,17
3,100-□□＝83,17,7,27,16
3,100-□□＝84,16,6,26,15
3,100-□□＝85,15,5,25,14
3,100-□□＝86,14,4,24,13
3,100-□□＝87,13,3,23,12
3,100-□□＝88,12,2,22,11
3,100-□□＝89,11,1,21,10
3,100-□□＝90,10,0,20,9
3,100-□□＝91,9,-1,19,8
3,100-□□＝92,8,-2,18,7
3,100-□□＝93,7,-3,17,6
3,100-□□＝94,6,-4,16,5
3,100-□□＝95,5,-5,15,4
3,100-□□＝96,4,-6,14,3
3,100-□□＝97,3,-7,13,2
3,100-□□＝98,2,-8,12,1
3,100-□□＝99,1,-9,11,0